date,모델 적중률,무조건 상승 적중률
2018-10-10,0.68,0.1
2018-10-11,0.6831683168316832,0.10891089108910891
2018-10-11,0.6764705882352942,0.10784313725490197
2018-10-11,0.6796116504854369,0.11650485436893204
2018-10-12,0.6826923076923077,0.125
2018-10-12,0.6857142857142857,0.13333333333333333
2018-10-12,0.6792452830188679,0.1320754716981132
2018-10-15,0.6822429906542056,0.14018691588785046
2018-10-15,0.6851851851851852,0.14814814814814814
2018-10-15,0.6788990825688074,0.14678899082568808
2018-10-16,0.6818181818181818,0.15454545454545454
2018-10-16,0.6846846846846847,0.16216216216216217
2018-10-16,0.6785714285714286,0.16071428571428573
2018-10-17,0.6814159292035398,0.168141592920354
2018-10-17,0.6754385964912281,0.16666666666666666
2018-10-17,0.6782608695652174,0.17391304347826086
2018-10-18,0.6724137931034483,0.1810344827586207
2018-10-18,0.6752136752136753,0.1794871794871795
2018-10-18,0.6779661016949152,0.1864406779661017
2018-10-19,0.680672268907563,0.18487394957983194
2018-10-19,0.675,0.19166666666666668
2018-10-19,0.6776859504132231,0.19834710743801653
2018-10-22,0.680327868852459,0.19672131147540983
2018-10-22,0.6829268292682927,0.2032520325203252
2018-10-22,0.6774193548387096,0.20967741935483872
2018-10-23,0.672,0.208
2018-10-23,0.6746031746031746,0.20634920634920634
2018-10-23,0.6771653543307087,0.2047244094488189
2018-10-24,0.671875,0.2109375
2018-10-24,0.6744186046511628,0.21705426356589147
2018-10-24,0.6692307692307692,0.2230769230769231
2018-10-25,0.6641221374045801,0.22900763358778625
2018-10-25,0.6590909090909091,0.23484848484848486
2018-10-25,0.6616541353383458,0.24060150375939848
2018-10-26,0.6567164179104478,0.2462686567164179
2018-10-26,0.6592592592592592,0.2518518518518518
2018-10-26,0.6544117647058824,0.25735294117647056
2018-10-29,0.6496350364963503,0.26277372262773724
2018-10-29,0.6521739130434783,0.26811594202898553
2018-10-29,0.6474820143884892,0.2733812949640288
2018-10-30,0.65,0.2785714285714286
2018-10-30,0.6453900709219859,0.28368794326241137
2018-10-30,0.6408450704225352,0.2887323943661972
2018-10-31,0.6433566433566433,0.2867132867132867
2018-10-31,0.6458333333333334,0.2916666666666667
2018-10-31,0.6482758620689655,0.296551724137931
2018-11-01,0.6506849315068494,0.3013698630136986
2018-11-01,0.6530612244897959,0.29931972789115646
2018-11-01,0.6554054054054054,0.30405405405405406
2018-11-02,0.6577181208053692,0.30201342281879195
2018-11-02,0.66,0.3
2018-11-02,0.6622516556291391,0.2980132450331126
2018-11-05,0.6578947368421053,0.3026315789473684
2018-11-05,0.6601307189542484,0.3006535947712418
2018-11-05,0.6623376623376623,0.2987012987012987
2018-11-06,0.6645161290322581,0.2967741935483871
2018-11-06,0.6666666666666666,0.2948717948717949
2018-11-06,0.6687898089171974,0.2929936305732484
2018-11-07,0.6708860759493671,0.2911392405063291
2018-11-07,0.6729559748427673,0.2893081761006289
2018-11-07,0.675,0.2875
2018-11-08,0.6770186335403726,0.2857142857142857
2018-11-08,0.6790123456790124,0.2839506172839506
2018-11-08,0.6809815950920245,0.2822085889570552
2018-11-09,0.6829268292682927,0.2804878048780488
2018-11-09,0.6848484848484848,0.2787878787878788
2018-11-09,0.6867469879518072,0.27710843373493976
2018-11-12,0.688622754491018,0.2754491017964072
2018-11-12,0.6904761904761905,0.27380952380952384
2018-11-12,0.6923076923076923,0.27218934911242604
2018-11-13,0.6882352941176471,0.27058823529411763
2018-11-13,0.6900584795321637,0.26900584795321636
2018-11-13,0.686046511627907,0.26744186046511625
2018-11-14,0.6878612716763006,0.2658959537572254
2018-11-14,0.6839080459770115,0.26436781609195403
2018-11-14,0.68,0.26285714285714284
2018-11-15,0.6818181818181818,0.26136363636363635
2018-11-15,0.6779661016949152,0.2598870056497175
2018-11-15,0.6741573033707865,0.25842696629213485
2018-11-16,0.6703910614525139,0.2569832402234637
2018-11-16,0.6666666666666666,0.25555555555555554
2018-11-16,0.6685082872928176,0.2541436464088398
2018-11-19,0.6648351648351648,0.25274725274725274
2018-11-19,0.6666666666666666,0.25136612021857924
2018-11-19,0.6630434782608695,0.25
2018-11-20,0.6648648648648648,0.24864864864864866
2018-11-20,0.6612903225806451,0.24731182795698925
2018-11-20,0.6577540106951871,0.24598930481283424
2018-11-21,0.6595744680851063,0.24468085106382978
2018-11-21,0.656084656084656,0.24338624338624337
2018-11-21,0.6526315789473685,0.24210526315789474
2018-11-22,0.6492146596858639,0.24083769633507854
2018-11-22,0.6458333333333334,0.23958333333333334
2018-11-23,0.6424870466321243,0.23834196891191708
2018-11-23,0.6391752577319587,0.23711340206185566
2018-11-23,0.6410256410256411,0.2358974358974359
2018-11-26,0.6428571428571429,0.23469387755102042
2018-11-26,0.6446700507614214,0.233502538071066
2018-11-26,0.6414141414141414,0.23232323232323232
2018-11-27,0.6381909547738693,0.23115577889447236
2018-11-27,0.64,0.23
2018-11-27,0.6417910447761194,0.22885572139303484
2018-11-28,0.6386138613861386,0.22772277227722773
2018-11-28,0.6403940886699507,0.22660098522167488
2018-11-28,0.6421568627450981,0.22549019607843138
2018-11-29,0.6439024390243903,0.22439024390243903
2018-11-29,0.6456310679611651,0.22330097087378642
2018-11-29,0.6473429951690821,0.2222222222222222
2018-11-30,0.6490384615384616,0.22115384615384615
2018-11-30,0.645933014354067,0.22009569377990432
2018-11-30,0.6476190476190476,0.21904761904761905
2018-12-03,0.6445497630331753,0.21800947867298578
2018-12-03,0.6462264150943396,0.2169811320754717
2018-12-03,0.6431924882629108,0.215962441314554
2018-12-04,0.6448598130841121,0.21495327102803738
2018-12-04,0.6465116279069767,0.21395348837209302
2018-12-04,0.6481481481481481,0.21296296296296297
2018-12-05,0.6451612903225806,0.2119815668202765
2018-12-05,0.6422018348623854,0.21100917431192662
2018-12-06,0.639269406392694,0.2100456621004566
2018-12-06,0.6409090909090909,0.20909090909090908
2018-12-06,0.6380090497737556,0.2081447963800905
2018-12-07,0.6351351351351351,0.2072072072072072
2018-12-07,0.6367713004484304,0.2062780269058296
2018-12-07,0.6339285714285714,0.20535714285714285
2018-12-10,0.6355555555555555,0.20444444444444446
2018-12-10,0.6327433628318584,0.20353982300884957
2018-12-10,0.6343612334801763,0.20704845814977973
2018-12-11,0.6359649122807017,0.21052631578947367
2018-12-11,0.6375545851528385,0.21397379912663755
2018-12-11,0.6391304347826087,0.21304347826086956
2018-12-12,0.6406926406926406,0.21212121212121213
2018-12-12,0.6379310344827587,0.21120689655172414
2018-12-12,0.6351931330472103,0.21030042918454936
2018-12-13,0.6324786324786325,0.21367521367521367
2018-12-13,0.6340425531914894,0.2170212765957447
2018-12-13,0.635593220338983,0.22033898305084745
2018-12-14,0.6371308016877637,0.22362869198312235
2018-12-14,0.6386554621848739,0.22268907563025211
2018-12-14,0.6401673640167364,0.22594142259414227
2018-12-17,0.6375,0.22916666666666666
2018-12-17,0.6348547717842323,0.23236514522821577
2018-12-17,0.6363636363636364,0.23140495867768596
2018-12-18,0.6378600823045267,0.2345679012345679
2018-12-18,0.6352459016393442,0.23770491803278687
2018-12-18,0.6326530612244898,0.24081632653061225
2018-12-19,0.6300813008130082,0.24390243902439024
2018-12-19,0.6275303643724697,0.24696356275303644
2018-12-19,0.625,0.25
2018-12-20,0.6224899598393574,0.25301204819277107
2018-12-20,0.624,0.256
2018-12-20,0.62,0.256
2018-12-21,0.616,0.26
2018-12-21,0.616,0.264
2018-12-21,0.612,0.268
2018-12-24,0.612,0.272
2018-12-24,0.608,0.276
2018-12-24,0.608,0.28
2018-12-26,0.608,0.284
2018-12-26,0.608,0.284
2018-12-26,0.608,0.288
2018-12-27,0.608,0.292
2018-12-27,0.608,0.292
2018-12-27,0.604,0.296
2018-12-28,0.6,0.3
2018-12-28,0.6,0.3
2018-12-28,0.596,0.304
2018-12-31,0.596,0.304
2019-01-02,0.592,0.308
2019-01-02,0.588,0.312
2019-01-02,0.584,0.316
2019-01-03,0.58,0.32
2019-01-03,0.576,0.324
2019-01-03,0.572,0.328
2019-01-04,0.568,0.332
2019-01-04,0.564,0.336
2019-01-04,0.56,0.34
2019-01-07,0.556,0.344
2019-01-07,0.552,0.348
2019-01-07,0.548,0.352
2019-01-08,0.544,0.356
2019-01-08,0.54,0.36
2019-01-08,0.536,0.364
2019-01-09,0.532,0.368
2019-01-09,0.528,0.372
2019-01-09,0.528,0.376
2019-01-10,0.524,0.38
2019-01-10,0.524,0.384
2019-01-10,0.52,0.388
2019-01-11,0.516,0.392
2019-01-11,0.516,0.396
2019-01-11,0.516,0.4
2019-01-14,0.516,0.404
2019-01-14,0.516,0.408
2019-01-14,0.512,0.412
2019-01-15,0.508,0.412
2019-01-15,0.508,0.416
2019-01-15,0.504,0.42
2019-01-16,0.504,0.424
2019-01-16,0.504,0.428
2019-01-16,0.5,0.432
2019-01-17,0.5,0.436
2019-01-17,0.496,0.44
2019-01-17,0.496,0.444
2019-01-18,0.492,0.448
2019-01-18,0.488,0.452
2019-01-18,0.488,0.456
2019-01-21,0.488,0.46
2019-01-21,0.484,0.464
2019-01-22,0.48,0.468
2019-01-22,0.48,0.472
2019-01-22,0.476,0.476
2019-01-23,0.472,0.48
2019-01-23,0.468,0.484
2019-01-23,0.464,0.488
2019-01-24,0.464,0.492
2019-01-24,0.46,0.496
2019-01-24,0.456,0.5
2019-01-25,0.456,0.5
2019-01-25,0.452,0.504
2019-01-25,0.448,0.508
2019-01-28,0.444,0.512
2019-01-28,0.444,0.512
2019-01-28,0.44,0.516
2019-01-29,0.436,0.52
2019-01-29,0.436,0.52
2019-01-29,0.432,0.524
2019-01-30,0.432,0.524
2019-01-30,0.428,0.528
2019-01-30,0.428,0.528
2019-01-31,0.432,0.528
2019-01-31,0.432,0.528
2019-01-31,0.432,0.532
2019-02-01,0.436,0.532
2019-02-01,0.432,0.536
2019-02-01,0.436,0.536
2019-02-04,0.432,0.54
2019-02-05,0.436,0.54
2019-02-06,0.44,0.54
2019-02-07,0.44,0.536
2019-02-07,0.436,0.54
2019-02-07,0.436,0.54
2019-02-08,0.432,0.54
2019-02-08,0.436,0.54
2019-02-08,0.44,0.54
2019-02-11,0.44,0.54
2019-02-11,0.444,0.54
2019-02-11,0.444,0.544
2019-02-12,0.444,0.54
2019-02-12,0.444,0.536
2019-02-12,0.448,0.536
2019-02-13,0.448,0.532
2019-02-13,0.452,0.532
2019-02-13,0.452,0.528
2019-02-14,0.452,0.524
2019-02-14,0.452,0.52
2019-02-14,0.456,0.52
2019-02-15,0.456,0.516
2019-02-15,0.456,0.512
2019-02-15,0.46,0.512
2019-02-18,0.46,0.508
2019-02-18,0.46,0.504
2019-02-19,0.464,0.504
2019-02-19,0.464,0.5
2019-02-19,0.468,0.5
2019-02-20,0.468,0.496
2019-02-20,0.468,0.496
2019-02-20,0.468,0.496
2019-02-21,0.464,0.496
2019-02-21,0.46,0.5
2019-02-21,0.46,0.5
2019-02-22,0.46,0.496
2019-02-22,0.46,0.496
2019-02-22,0.46,0.492
2019-02-25,0.464,0.488
2019-02-25,0.468,0.488
2019-02-25,0.468,0.488
2019-02-26,0.468,0.488
2019-02-26,0.472,0.484
2019-02-26,0.472,0.48
2019-02-27,0.476,0.476
2019-02-27,0.48,0.472
2019-02-27,0.484,0.468
2019-02-28,0.484,0.464
2019-02-28,0.488,0.46
2019-02-28,0.484,0.46
2019-03-01,0.488,0.456
2019-03-04,0.488,0.456
2019-03-04,0.484,0.456
2019-03-04,0.484,0.456
2019-03-05,0.48,0.456
2019-03-05,0.48,0.456
2019-03-05,0.48,0.456
2019-03-06,0.476,0.46
2019-03-06,0.472,0.46
2019-03-06,0.468,0.46
2019-03-07,0.464,0.46
2019-03-07,0.46,0.464
2019-03-07,0.456,0.464
2019-03-08,0.452,0.468
2019-03-08,0.448,0.472
2019-03-08,0.444,0.476
2019-03-11,0.444,0.476
2019-03-11,0.44,0.48
2019-03-11,0.436,0.484
2019-03-12,0.432,0.488
2019-03-12,0.428,0.492
2019-03-12,0.424,0.496
2019-03-13,0.42,0.5
2019-03-13,0.416,0.504
2019-03-13,0.412,0.508
2019-03-14,0.408,0.512
2019-03-14,0.404,0.516
2019-03-14,0.4,0.52
2019-03-15,0.396,0.524
2019-03-15,0.392,0.528
2019-03-15,0.388,0.532
2019-03-18,0.384,0.536
2019-03-18,0.38,0.54
2019-03-18,0.376,0.544
2019-03-19,0.376,0.548
2019-03-19,0.372,0.552
2019-03-19,0.372,0.556
2019-03-20,0.368,0.56
2019-03-20,0.368,0.564
2019-03-20,0.368,0.568
2019-03-21,0.368,0.568
2019-03-21,0.372,0.568
2019-03-21,0.372,0.572
2019-03-22,0.372,0.576
2019-03-22,0.372,0.58
2019-03-22,0.368,0.584
2019-03-25,0.368,0.588
2019-03-25,0.364,0.592
2019-03-25,0.364,0.596
2019-03-26,0.36,0.6
2019-03-26,0.36,0.604
2019-03-26,0.36,0.608
2019-03-27,0.36,0.608
2019-03-27,0.36,0.612
2019-03-27,0.36,0.616
2019-03-28,0.36,0.62
2019-03-28,0.36,0.624
2019-03-28,0.36,0.628
2019-03-29,0.364,0.628
2019-03-29,0.364,0.628
2019-03-29,0.36,0.632
2019-04-01,0.356,0.636
2019-04-01,0.356,0.64
2019-04-01,0.36,0.64
2019-04-02,0.36,0.64
2019-04-02,0.36,0.64
2019-04-02,0.36,0.644
2019-04-03,0.36,0.644
2019-04-03,0.356,0.648
2019-04-03,0.352,0.652
2019-04-04,0.348,0.656
2019-04-04,0.344,0.66
2019-04-04,0.344,0.66
2019-04-05,0.348,0.66
2019-04-05,0.348,0.66
2019-04-05,0.348,0.664
2019-04-08,0.348,0.664
2019-04-08,0.348,0.668
2019-04-08,0.348,0.668
2019-04-09,0.348,0.668
2019-04-09,0.348,0.668
2019-04-09,0.352,0.668
2019-04-10,0.356,0.668
2019-04-10,0.36,0.668
2019-04-10,0.36,0.668
2019-04-11,0.364,0.668
2019-04-11,0.368,0.668
2019-04-11,0.368,0.668
2019-04-12,0.372,0.668
2019-04-12,0.372,0.668
2019-04-12,0.376,0.668
2019-04-15,0.376,0.664
2019-04-15,0.376,0.66
2019-04-15,0.376,0.656
2019-04-16,0.376,0.656
2019-04-16,0.376,0.656
2019-04-16,0.38,0.656
2019-04-17,0.384,0.656
2019-04-17,0.388,0.652
2019-04-17,0.388,0.648
2019-04-18,0.388,0.644
2019-04-18,0.388,0.64
2019-04-18,0.388,0.64
2019-04-19,0.388,0.636
2019-04-19,0.392,0.632
2019-04-22,0.396,0.628
2019-04-22,0.396,0.628
2019-04-22,0.396,0.624
2019-04-23,0.4,0.62
2019-04-23,0.404,0.616
2019-04-23,0.408,0.612
2019-04-24,0.412,0.608
2019-04-24,0.416,0.604
2019-04-24,0.42,0.6
2019-04-25,0.42,0.596
2019-04-25,0.424,0.592
2019-04-25,0.428,0.588
2019-04-26,0.432,0.584
2019-04-26,0.436,0.58
2019-04-26,0.44,0.576
2019-04-29,0.444,0.572
2019-04-29,0.444,0.568
2019-04-29,0.444,0.564
2019-04-30,0.448,0.56
2019-04-30,0.448,0.556
2019-04-30,0.448,0.552
2019-05-01,0.452,0.548
2019-05-02,0.456,0.544
2019-05-02,0.46,0.54
2019-05-02,0.464,0.536
2019-05-03,0.468,0.532
2019-05-03,0.472,0.528
2019-05-03,0.476,0.524
2019-05-06,0.48,0.52
2019-05-07,0.484,0.516
2019-05-07,0.488,0.512
2019-05-07,0.492,0.508
2019-05-08,0.492,0.504
2019-05-08,0.496,0.5
2019-05-08,0.496,0.496
2019-05-09,0.5,0.496
2019-05-09,0.5,0.492
2019-05-09,0.504,0.488
2019-05-10,0.504,0.484
2019-05-10,0.508,0.48
2019-05-10,0.508,0.48
2019-05-13,0.508,0.476
2019-05-13,0.512,0.476
2019-05-13,0.512,0.472
2019-05-14,0.512,0.468
2019-05-14,0.516,0.468
2019-05-14,0.516,0.464
2019-05-15,0.52,0.464
2019-05-15,0.52,0.46
2019-05-15,0.52,0.456
2019-05-16,0.52,0.452
2019-05-16,0.52,0.448
2019-05-16,0.524,0.448
2019-05-17,0.524,0.444
2019-05-17,0.524,0.44
2019-05-17,0.528,0.44
2019-05-20,0.528,0.436
2019-05-20,0.532,0.436
2019-05-20,0.532,0.432
2019-05-21,0.536,0.432
2019-05-21,0.536,0.428
2019-05-21,0.536,0.424
2019-05-22,0.54,0.424
2019-05-22,0.544,0.424
2019-05-22,0.544,0.42
2019-05-23,0.544,0.416
2019-05-23,0.544,0.412
2019-05-23,0.548,0.412
2019-05-24,0.552,0.412
2019-05-24,0.552,0.408
2019-05-24,0.552,0.404
2019-05-27,0.552,0.4
2019-05-27,0.556,0.4
2019-05-28,0.56,0.4
2019-05-28,0.564,0.4
2019-05-28,0.568,0.4
2019-05-29,0.572,0.4
2019-05-29,0.572,0.404
2019-05-29,0.576,0.404
2019-05-30,0.58,0.404
2019-05-30,0.584,0.404
2019-05-30,0.584,0.408
2019-05-31,0.588,0.408
2019-05-31,0.592,0.408
2019-05-31,0.592,0.412
2019-06-03,0.596,0.412
2019-06-03,0.596,0.416
2019-06-03,0.6,0.416
2019-06-04,0.6,0.42
2019-06-04,0.6,0.424
2019-06-04,0.6,0.428
2019-06-05,0.604,0.428
2019-06-05,0.604,0.432
2019-06-05,0.608,0.432
2019-06-06,0.608,0.436
2019-06-07,0.612,0.436
2019-06-07,0.612,0.44
2019-06-07,0.612,0.444
2019-06-10,0.608,0.444
2019-06-10,0.612,0.444
2019-06-10,0.612,0.448
2019-06-11,0.612,0.448
2019-06-11,0.612,0.452
2019-06-11,0.608,0.456
2019-06-12,0.608,0.46
2019-06-12,0.604,0.464
2019-06-12,0.608,0.464
2019-06-13,0.604,0.468
2019-06-13,0.6,0.472
2019-06-13,0.596,0.476
2019-06-14,0.592,0.48
2019-06-14,0.588,0.484
2019-06-14,0.584,0.488
2019-06-17,0.58,0.492
2019-06-17,0.576,0.496
2019-06-17,0.572,0.5
2019-06-18,0.568,0.504
2019-06-18,0.564,0.508
2019-06-18,0.56,0.512
2019-06-19,0.556,0.516
2019-06-19,0.552,0.52
2019-06-19,0.548,0.524
2019-06-20,0.544,0.528
2019-06-20,0.54,0.532
2019-06-20,0.536,0.536
2019-06-21,0.536,0.536
2019-06-21,0.532,0.54
2019-06-21,0.532,0.54
2019-06-24,0.532,0.54
2019-06-24,0.532,0.54
2019-06-24,0.528,0.544
2019-06-25,0.524,0.548
2019-06-25,0.52,0.552
2019-06-25,0.516,0.556
2019-06-26,0.512,0.56
2019-06-26,0.508,0.564
2019-06-26,0.504,0.568
2019-06-27,0.5,0.572
2019-06-27,0.496,0.576
2019-06-27,0.492,0.58
2019-06-28,0.488,0.584
2019-06-28,0.488,0.584
2019-06-28,0.484,0.588
2019-07-01,0.48,0.592
2019-07-01,0.484,0.588
2019-07-01,0.48,0.592
2019-07-02,0.48,0.592
2019-07-02,0.48,0.592
2019-07-02,0.48,0.592
2019-07-03,0.48,0.592
2019-07-03,0.48,0.592
2019-07-03,0.48,0.592
2019-07-04,0.484,0.588
2019-07-04,0.484,0.588
2019-07-05,0.484,0.588
2019-07-05,0.484,0.588
2019-07-05,0.484,0.588
2019-07-08,0.484,0.588
2019-07-08,0.488,0.584
2019-07-08,0.488,0.584
2019-07-09,0.488,0.584
2019-07-09,0.492,0.58
2019-07-09,0.492,0.58
2019-07-10,0.496,0.576
2019-07-10,0.5,0.572
2019-07-10,0.504,0.568
2019-07-11,0.508,0.564
2019-07-11,0.512,0.56
2019-07-11,0.516,0.556
2019-07-12,0.52,0.552
2019-07-12,0.524,0.548
2019-07-12,0.528,0.544
2019-07-15,0.532,0.54
2019-07-15,0.536,0.536
2019-07-15,0.54,0.532
2019-07-16,0.544,0.528
2019-07-16,0.544,0.528
2019-07-16,0.548,0.524
2019-07-17,0.552,0.52
2019-07-17,0.552,0.52
2019-07-17,0.556,0.516
2019-07-18,0.56,0.512
2019-07-18,0.56,0.512
2019-07-18,0.564,0.508
2019-07-19,0.568,0.504
2019-07-19,0.568,0.504
2019-07-19,0.568,0.504
2019-07-22,0.572,0.5
2019-07-22,0.576,0.496
2019-07-22,0.58,0.492
2019-07-23,0.584,0.488
2019-07-23,0.588,0.484
2019-07-23,0.592,0.48
2019-07-24,0.596,0.476
2019-07-24,0.6,0.472
2019-07-24,0.604,0.468
2019-07-25,0.608,0.464
2019-07-25,0.608,0.464
2019-07-25,0.612,0.46
2019-07-26,0.616,0.456
2019-07-26,0.62,0.452
2019-07-26,0.624,0.448
2019-07-29,0.628,0.444
2019-07-29,0.628,0.444
2019-07-29,0.628,0.444
2019-07-30,0.632,0.44
2019-07-30,0.636,0.436
2019-07-30,0.64,0.432
2019-07-31,0.64,0.432
2019-07-31,0.64,0.432
2019-07-31,0.64,0.432
2019-08-01,0.644,0.428
2019-08-01,0.64,0.432
2019-08-01,0.64,0.432
2019-08-02,0.64,0.432
2019-08-02,0.644,0.428
2019-08-02,0.644,0.428
2019-08-05,0.64,0.432
2019-08-05,0.636,0.436
2019-08-05,0.632,0.44
2019-08-06,0.632,0.44
2019-08-06,0.628,0.444
2019-08-06,0.628,0.444
2019-08-07,0.624,0.448
2019-08-07,0.62,0.452
2019-08-07,0.616,0.456
2019-08-08,0.612,0.46
2019-08-08,0.608,0.464
2019-08-08,0.604,0.468
2019-08-09,0.6,0.472
2019-08-09,0.596,0.476
2019-08-09,0.592,0.48
2019-08-12,0.592,0.484
2019-08-12,0.592,0.488
2019-08-12,0.592,0.492
2019-08-13,0.592,0.496
2019-08-13,0.592,0.5
2019-08-13,0.592,0.504
2019-08-14,0.592,0.508
2019-08-14,0.592,0.512
2019-08-14,0.592,0.516
2019-08-15,0.592,0.52
2019-08-16,0.592,0.524
2019-08-16,0.592,0.528
2019-08-16,0.592,0.532
2019-08-19,0.592,0.536
2019-08-19,0.592,0.54
2019-08-19,0.592,0.544
2019-08-20,0.592,0.548
2019-08-20,0.592,0.552
2019-08-20,0.592,0.556
2019-08-21,0.592,0.56
2019-08-21,0.592,0.564
2019-08-21,0.592,0.568
2019-08-22,0.592,0.572
2019-08-22,0.592,0.576
2019-08-22,0.592,0.58
2019-08-23,0.592,0.584
2019-08-23,0.592,0.588
2019-08-23,0.592,0.592
2019-08-26,0.592,0.596
2019-08-26,0.592,0.6
2019-08-26,0.592,0.604
2019-08-27,0.592,0.608
2019-08-27,0.592,0.612
2019-08-27,0.592,0.616
2019-08-28,0.592,0.62
2019-08-28,0.592,0.624
2019-08-28,0.592,0.628
2019-08-29,0.588,0.628
2019-08-29,0.588,0.632
2019-08-29,0.588,0.636
2019-08-30,0.588,0.64
2019-08-30,0.584,0.64
2019-08-30,0.584,0.644
2019-09-02,0.584,0.648
2019-09-02,0.584,0.652
2019-09-03,0.58,0.652
2019-09-03,0.58,0.656
2019-09-03,0.58,0.66
2019-09-04,0.576,0.66
2019-09-04,0.576,0.664
2019-09-04,0.576,0.664
2019-09-05,0.576,0.664
2019-09-05,0.576,0.664
2019-09-05,0.576,0.664
2019-09-06,0.576,0.664
2019-09-06,0.572,0.668
2019-09-06,0.576,0.668
2019-09-09,0.576,0.668
2019-09-09,0.576,0.668
2019-09-09,0.576,0.668
2019-09-10,0.576,0.664
2019-09-10,0.576,0.668
2019-09-10,0.576,0.668
2019-09-11,0.576,0.664
2019-09-11,0.58,0.668
2019-09-11,0.576,0.668
2019-09-12,0.58,0.668
2019-09-13,0.584,0.668
2019-09-16,0.588,0.668
2019-09-16,0.592,0.672
2019-09-16,0.588,0.672
2019-09-17,0.588,0.676
2019-09-17,0.588,0.68
2019-09-17,0.588,0.676
2019-09-18,0.592,0.676
2019-09-18,0.588,0.676
2019-09-18,0.592,0.676
2019-09-19,0.592,0.672
2019-09-19,0.596,0.672
2019-09-19,0.596,0.676
2019-09-20,0.596,0.672
2019-09-20,0.592,0.668
2019-09-20,0.592,0.672
2019-09-23,0.592,0.676
2019-09-23,0.592,0.676
2019-09-23,0.592,0.672
2019-09-24,0.592,0.668
2019-09-24,0.592,0.672
2019-09-24,0.592,0.672
2019-09-25,0.592,0.672
2019-09-25,0.588,0.672
2019-09-25,0.584,0.668
2019-09-26,0.58,0.668
2019-09-26,0.58,0.668
2019-09-26,0.58,0.668
2019-09-27,0.58,0.668
2019-09-27,0.58,0.668
2019-09-27,0.58,0.668
2019-09-30,0.58,0.668
2019-09-30,0.576,0.664
2019-09-30,0.576,0.664
2019-10-01,0.576,0.664
2019-10-01,0.576,0.664
2019-10-01,0.576,0.664
2019-10-02,0.576,0.664
2019-10-02,0.576,0.664
2019-10-02,0.576,0.664
2019-10-03,0.576,0.664
2019-10-04,0.576,0.664
2019-10-04,0.576,0.664
2019-10-04,0.576,0.664
2019-10-07,0.576,0.664
2019-10-07,0.576,0.664
2019-10-07,0.576,0.664
2019-10-08,0.576,0.664
2019-10-08,0.576,0.664
2019-10-08,0.58,0.668
2019-10-09,0.58,0.668
2019-10-10,0.58,0.668
2019-10-10,0.584,0.668
2019-10-10,0.584,0.668
2019-10-11,0.588,0.668
2019-10-11,0.588,0.668
2019-10-11,0.592,0.668
2019-10-14,0.592,0.668
2019-10-14,0.596,0.668
2019-10-14,0.6,0.668
2019-10-15,0.604,0.668
2019-10-15,0.608,0.668
2019-10-15,0.612,0.668
2019-10-16,0.616,0.668
2019-10-16,0.616,0.668
2019-10-16,0.62,0.668
2019-10-17,0.62,0.668
2019-10-17,0.624,0.668
2019-10-17,0.628,0.668
2019-10-18,0.632,0.668
2019-10-18,0.632,0.668
2019-10-18,0.636,0.668
2019-10-21,0.64,0.668
2019-10-21,0.64,0.668
2019-10-21,0.644,0.668
2019-10-22,0.648,0.668
2019-10-22,0.652,0.668
2019-10-22,0.652,0.668
2019-10-23,0.652,0.664
2019-10-23,0.656,0.66
2019-10-23,0.66,0.66
2019-10-24,0.66,0.656
2019-10-24,0.66,0.652
2019-10-24,0.664,0.652
2019-10-25,0.668,0.648
2019-10-25,0.672,0.644
2019-10-25,0.672,0.644
2019-10-28,0.676,0.64
2019-10-28,0.68,0.636
2019-10-28,0.68,0.636
2019-10-29,0.684,0.632
2019-10-29,0.688,0.628
2019-10-29,0.684,0.632
2019-10-30,0.684,0.632
2019-10-30,0.684,0.632
2019-10-30,0.68,0.636
2019-10-31,0.68,0.636
2019-10-31,0.68,0.636
2019-10-31,0.68,0.636
2019-11-01,0.684,0.632
2019-11-01,0.688,0.628
2019-11-01,0.692,0.624
2019-11-04,0.696,0.62
2019-11-04,0.696,0.62
2019-11-04,0.7,0.616
2019-11-05,0.704,0.612
2019-11-05,0.708,0.608
2019-11-05,0.712,0.604
2019-11-06,0.716,0.6
2019-11-06,0.716,0.6
2019-11-06,0.72,0.596
2019-11-07,0.724,0.592
2019-11-07,0.724,0.592
2019-11-07,0.724,0.592
2019-11-08,0.724,0.592
2019-11-08,0.724,0.592
2019-11-08,0.724,0.592
2019-11-11,0.72,0.596
2019-11-11,0.72,0.596
2019-11-11,0.72,0.596
2019-11-12,0.72,0.596
2019-11-12,0.72,0.596
2019-11-12,0.716,0.6
2019-11-13,0.712,0.604
2019-11-13,0.712,0.604
2019-11-13,0.708,0.608
2019-11-14,0.704,0.612
2019-11-14,0.708,0.608
2019-11-14,0.704,0.612
2019-11-15,0.7,0.616
2019-11-15,0.7,0.616
2019-11-15,0.696,0.62
2019-11-18,0.692,0.624
2019-11-18,0.692,0.624
2019-11-18,0.688,0.628
2019-11-19,0.684,0.632
2019-11-19,0.68,0.636
2019-11-19,0.676,0.64
2019-11-20,0.672,0.644
2019-11-20,0.668,0.648
2019-11-20,0.664,0.652
2019-11-21,0.66,0.656
2019-11-21,0.656,0.66
2019-11-21,0.652,0.664
2019-11-22,0.648,0.668
2019-11-22,0.644,0.672
2019-11-22,0.64,0.676
2019-11-25,0.636,0.68
2019-11-25,0.632,0.684
2019-11-25,0.628,0.688
2019-11-26,0.624,0.692
2019-11-26,0.62,0.696
2019-11-26,0.616,0.7
2019-11-27,0.612,0.704
2019-11-27,0.608,0.708
2019-11-27,0.604,0.712
2019-11-28,0.6,0.716
2019-11-28,0.596,0.72
2019-11-29,0.592,0.724
2019-11-29,0.588,0.728
2019-11-29,0.584,0.732
2019-12-02,0.584,0.736
2019-12-02,0.58,0.74
2019-12-02,0.58,0.74
2019-12-03,0.584,0.74
2019-12-03,0.588,0.74
2019-12-03,0.584,0.744
2019-12-04,0.588,0.744
2019-12-04,0.592,0.744
2019-12-04,0.592,0.744
2019-12-05,0.596,0.744
2019-12-05,0.6,0.744
2019-12-05,0.6,0.744
2019-12-06,0.604,0.744
2019-12-06,0.608,0.744
2019-12-06,0.612,0.744
2019-12-09,0.616,0.744
2019-12-09,0.62,0.744
2019-12-09,0.624,0.744
2019-12-10,0.628,0.744
2019-12-10,0.632,0.744
2019-12-10,0.636,0.744
2019-12-11,0.64,0.744
2019-12-11,0.64,0.744
2019-12-11,0.64,0.744
2019-12-12,0.64,0.744
2019-12-12,0.636,0.744
2019-12-12,0.636,0.744
2019-12-13,0.632,0.744
2019-12-13,0.628,0.744
2019-12-13,0.624,0.744
2019-12-16,0.62,0.744
2019-12-16,0.616,0.744
2019-12-16,0.612,0.744
2019-12-17,0.608,0.744
2019-12-17,0.604,0.744
2019-12-17,0.6,0.744
2019-12-18,0.596,0.744
2019-12-18,0.592,0.744
2019-12-18,0.588,0.744
2019-12-19,0.584,0.744
2019-12-19,0.58,0.744
2019-12-19,0.576,0.744
2019-12-20,0.572,0.744
2019-12-20,0.568,0.744
2019-12-20,0.564,0.744
2019-12-23,0.56,0.744
2019-12-23,0.556,0.744
2019-12-23,0.552,0.744
2019-12-24,0.548,0.744
2019-12-24,0.544,0.744
2019-12-24,0.54,0.744
2019-12-26,0.536,0.744
2019-12-26,0.532,0.744
2019-12-26,0.528,0.744
2019-12-27,0.524,0.744
2019-12-27,0.52,0.744
2019-12-27,0.52,0.74
2019-12-30,0.52,0.736
2019-12-30,0.516,0.736
2019-12-30,0.516,0.74
2019-12-31,0.512,0.74
2020-01-02,0.512,0.736
2020-01-02,0.512,0.732
2020-01-02,0.512,0.736
2020-01-03,0.508,0.736
2020-01-03,0.504,0.736
2020-01-03,0.5,0.736
2020-01-06,0.5,0.74
2020-01-06,0.496,0.74
2020-01-06,0.492,0.74
2020-01-07,0.496,0.74
2020-01-07,0.492,0.74
2020-01-07,0.492,0.744
2020-01-08,0.488,0.748
2020-01-08,0.488,0.752
2020-01-08,0.484,0.752
2020-01-09,0.484,0.756
2020-01-09,0.488,0.752
2020-01-09,0.488,0.752
2020-01-10,0.484,0.756
2020-01-10,0.484,0.756
2020-01-10,0.484,0.76
2020-01-13,0.484,0.76
2020-01-13,0.488,0.756
2020-01-13,0.488,0.76
2020-01-14,0.484,0.764
2020-01-14,0.48,0.764
2020-01-14,0.48,0.764
2020-01-15,0.476,0.768
2020-01-15,0.472,0.772
2020-01-15,0.468,0.776
2020-01-16,0.464,0.776
2020-01-16,0.468,0.772
2020-01-16,0.468,0.772
2020-01-17,0.472,0.768
2020-01-17,0.468,0.772
2020-01-17,0.464,0.776
2020-01-20,0.468,0.772
2020-01-20,0.464,0.776
2020-01-21,0.46,0.78
2020-01-21,0.456,0.784
2020-01-21,0.46,0.78
2020-01-22,0.46,0.78
2020-01-22,0.464,0.78
2020-01-22,0.464,0.78
2020-01-23,0.464,0.78
2020-01-23,0.468,0.78
2020-01-23,0.468,0.78
2020-01-24,0.468,0.78
2020-01-27,0.468,0.776
2020-01-28,0.472,0.78
2020-01-28,0.472,0.78
2020-01-28,0.472,0.776
2020-01-29,0.472,0.776
2020-01-29,0.472,0.772
2020-01-29,0.468,0.768
2020-01-30,0.464,0.764
2020-01-30,0.46,0.76
2020-01-30,0.456,0.756
2020-01-31,0.456,0.756
2020-01-31,0.452,0.752
2020-01-31,0.452,0.752
2020-02-03,0.448,0.748
2020-02-03,0.444,0.744
2020-02-03,0.44,0.74
2020-02-04,0.436,0.736
2020-02-04,0.432,0.732
2020-02-04,0.428,0.728
2020-02-05,0.424,0.724
2020-02-05,0.42,0.72
2020-02-05,0.416,0.716
2020-02-06,0.412,0.712
2020-02-06,0.408,0.708
2020-02-06,0.404,0.704
2020-02-07,0.4,0.7
2020-02-07,0.396,0.696
2020-02-07,0.392,0.692
2020-02-10,0.388,0.688
2020-02-10,0.384,0.684
2020-02-10,0.38,0.68
2020-02-11,0.376,0.676
2020-02-11,0.372,0.672
2020-02-11,0.368,0.668
2020-02-12,0.364,0.664
2020-02-12,0.36,0.66
2020-02-12,0.356,0.656
2020-02-13,0.352,0.652
2020-02-13,0.348,0.648
2020-02-13,0.344,0.644
2020-02-14,0.34,0.64
2020-02-14,0.336,0.636
2020-02-14,0.332,0.632
2020-02-17,0.328,0.628
2020-02-17,0.328,0.624
2020-02-18,0.324,0.62
2020-02-18,0.324,0.616
2020-02-18,0.32,0.612
2020-02-19,0.316,0.608
2020-02-19,0.312,0.604
2020-02-19,0.312,0.6
2020-02-20,0.308,0.596
2020-02-20,0.304,0.592
2020-02-20,0.304,0.588
2020-02-21,0.3,0.584
2020-02-21,0.296,0.58
2020-02-21,0.292,0.576
2020-02-24,0.292,0.572
2020-02-24,0.292,0.572
2020-02-24,0.288,0.572
2020-02-25,0.284,0.568
2020-02-25,0.284,0.568
2020-02-25,0.284,0.568
2020-02-26,0.28,0.564
2020-02-26,0.276,0.564
2020-02-26,0.272,0.564
2020-02-27,0.272,0.56
2020-02-27,0.268,0.56
2020-02-27,0.264,0.56
2020-02-28,0.264,0.556
2020-02-28,0.26,0.556
2020-02-28,0.256,0.556
2020-03-02,0.256,0.552
2020-03-02,0.256,0.548
2020-03-02,0.256,0.544
2020-03-03,0.256,0.54
2020-03-03,0.256,0.536
2020-03-03,0.256,0.532
2020-03-04,0.256,0.528
2020-03-04,0.252,0.528
2020-03-04,0.248,0.528
2020-03-05,0.244,0.528
2020-03-05,0.24,0.528
2020-03-05,0.236,0.528
2020-03-06,0.232,0.528
2020-03-06,0.228,0.528
2020-03-06,0.224,0.528
2020-03-09,0.22,0.528
2020-03-09,0.216,0.528
2020-03-09,0.212,0.528
2020-03-10,0.208,0.528
2020-03-10,0.208,0.532
2020-03-10,0.204,0.532
2020-03-11,0.208,0.532
2020-03-11,0.208,0.536
2020-03-11,0.204,0.536
2020-03-12,0.204,0.54
2020-03-12,0.208,0.54
2020-03-12,0.208,0.544
2020-03-13,0.204,0.544
2020-03-13,0.204,0.548
2020-03-13,0.204,0.552
2020-03-16,0.208,0.552
2020-03-16,0.212,0.552
2020-03-16,0.212,0.556
2020-03-17,0.216,0.556
2020-03-17,0.22,0.556
2020-03-17,0.22,0.56
2020-03-18,0.224,0.56
2020-03-18,0.228,0.56
2020-03-18,0.232,0.56
2020-03-19,0.236,0.56
2020-03-19,0.24,0.56
2020-03-19,0.244,0.56
2020-03-20,0.248,0.56
2020-03-20,0.252,0.56
2020-03-20,0.256,0.56
2020-03-23,0.26,0.56
2020-03-23,0.26,0.556
2020-03-23,0.264,0.556
2020-03-24,0.268,0.556
2020-03-24,0.272,0.556
2020-03-24,0.276,0.556
2020-03-25,0.276,0.552
2020-03-25,0.28,0.552
2020-03-25,0.28,0.548
2020-03-26,0.284,0.548
2020-03-26,0.288,0.548
2020-03-26,0.288,0.544
2020-03-27,0.292,0.544
2020-03-27,0.296,0.544
2020-03-27,0.3,0.544
2020-03-30,0.304,0.544
2020-03-30,0.308,0.544
2020-03-30,0.308,0.54
2020-03-31,0.312,0.54
2020-03-31,0.316,0.54
2020-03-31,0.32,0.54
2020-04-01,0.324,0.54
2020-04-01,0.328,0.54
2020-04-01,0.332,0.54
2020-04-02,0.332,0.54
2020-04-02,0.336,0.54
2020-04-02,0.34,0.54
2020-04-03,0.34,0.54
2020-04-03,0.34,0.54
2020-04-03,0.344,0.54
2020-04-06,0.34,0.536
2020-04-06,0.336,0.532
2020-04-06,0.336,0.528
2020-04-07,0.332,0.524
2020-04-07,0.328,0.52
2020-04-07,0.328,0.516
2020-04-08,0.324,0.512
2020-04-08,0.32,0.508
2020-04-08,0.316,0.504
2020-04-09,0.312,0.5
2020-04-09,0.308,0.496
2020-04-09,0.308,0.496
2020-04-10,0.304,0.492
2020-04-10,0.3,0.488
2020-04-13,0.296,0.484
2020-04-13,0.292,0.48
2020-04-13,0.292,0.48
2020-04-14,0.288,0.476
2020-04-14,0.284,0.472
2020-04-14,0.288,0.472
2020-04-15,0.284,0.468
2020-04-16,0.284,0.464
2020-04-16,0.284,0.46
2020-04-16,0.284,0.456
2020-04-17,0.288,0.456
2020-04-17,0.288,0.452
2020-04-17,0.288,0.448
2020-04-20,0.292,0.448
2020-04-20,0.296,0.448
2020-04-20,0.3,0.448
2020-04-21,0.304,0.448
2020-04-21,0.308,0.448
2020-04-21,0.312,0.448
2020-04-22,0.312,0.444
2020-04-22,0.312,0.44
2020-04-22,0.316,0.44
2020-04-23,0.32,0.44
2020-04-23,0.32,0.436
2020-04-23,0.32,0.432
2020-04-24,0.324,0.432
2020-04-24,0.324,0.428
2020-04-24,0.324,0.424
2020-04-27,0.328,0.424
2020-04-27,0.332,0.424
2020-04-27,0.332,0.42
2020-04-28,0.332,0.416
2020-04-28,0.336,0.416
2020-04-28,0.34,0.416
2020-04-29,0.34,0.412
2020-04-29,0.344,0.412
2020-04-29,0.344,0.416
2020-04-30,0.344,0.42
2020-05-01,0.348,0.42
2020-05-04,0.352,0.42
2020-05-04,0.356,0.42
2020-05-04,0.356,0.424
2020-05-05,0.356,0.428
2020-05-06,0.36,0.428
2020-05-06,0.364,0.428
2020-05-06,0.368,0.428
2020-05-07,0.372,0.428
2020-05-07,0.376,0.428
2020-05-07,0.38,0.428
2020-05-08,0.384,0.428
2020-05-08,0.384,0.432
2020-05-08,0.388,0.432
2020-05-11,0.392,0.432
2020-05-11,0.396,0.432
2020-05-11,0.4,0.432
2020-05-12,0.404,0.432
2020-05-12,0.408,0.432
2020-05-12,0.408,0.436
2020-05-13,0.408,0.44
2020-05-13,0.412,0.44
2020-05-13,0.416,0.44
2020-05-14,0.42,0.44
2020-05-14,0.42,0.444
2020-05-14,0.42,0.448
2020-05-15,0.424,0.448
2020-05-15,0.428,0.448
2020-05-15,0.432,0.448
2020-05-18,0.436,0.448
2020-05-18,0.436,0.444
2020-05-18,0.436,0.44
2020-05-19,0.44,0.44
2020-05-19,0.444,0.44
2020-05-19,0.444,0.444
2020-05-20,0.448,0.444
2020-05-20,0.448,0.448
2020-05-20,0.452,0.448
2020-05-21,0.456,0.448
2020-05-21,0.456,0.452
2020-05-21,0.46,0.452
2020-05-22,0.464,0.452
2020-05-22,0.468,0.452
2020-05-22,0.468,0.456
2020-05-25,0.468,0.46
2020-05-25,0.468,0.464
2020-05-26,0.472,0.464
2020-05-26,0.476,0.464
2020-05-26,0.476,0.468
2020-05-27,0.476,0.472
2020-05-27,0.476,0.476
2020-05-27,0.476,0.476
2020-05-28,0.476,0.476
2020-05-28,0.48,0.48
2020-05-28,0.484,0.484
2020-05-29,0.488,0.488
2020-05-29,0.492,0.492
2020-05-29,0.496,0.496
2020-06-01,0.5,0.5
2020-06-01,0.504,0.504
2020-06-01,0.508,0.508
2020-06-02,0.508,0.508
2020-06-02,0.512,0.512
2020-06-02,0.516,0.516
2020-06-03,0.516,0.516
2020-06-03,0.52,0.52
2020-06-03,0.52,0.52
2020-06-04,0.52,0.52
2020-06-04,0.52,0.52
2020-06-04,0.52,0.52
2020-06-05,0.52,0.52
2020-06-05,0.52,0.52
2020-06-05,0.52,0.52
2020-06-08,0.52,0.52
2020-06-08,0.52,0.52
2020-06-08,0.52,0.52
2020-06-09,0.52,0.52
2020-06-09,0.52,0.52
2020-06-09,0.52,0.52
2020-06-10,0.52,0.52
2020-06-10,0.52,0.52
2020-06-10,0.52,0.52
2020-06-11,0.524,0.524
2020-06-11,0.528,0.528
2020-06-11,0.528,0.528
2020-06-12,0.532,0.532
2020-06-12,0.532,0.532
2020-06-12,0.536,0.536
2020-06-15,0.536,0.536
2020-06-15,0.536,0.536
2020-06-15,0.54,0.54
2020-06-16,0.54,0.54
2020-06-16,0.54,0.54
2020-06-16,0.544,0.544
2020-06-17,0.544,0.544
2020-06-17,0.544,0.544
2020-06-17,0.548,0.548
2020-06-18,0.548,0.548
2020-06-18,0.548,0.548
2020-06-18,0.552,0.552
2020-06-19,0.552,0.552
2020-06-19,0.556,0.556
2020-06-19,0.56,0.56
2020-06-22,0.564,0.564
2020-06-22,0.564,0.564
2020-06-22,0.568,0.568
2020-06-23,0.568,0.568
2020-06-23,0.572,0.572
2020-06-23,0.576,0.576
2020-06-24,0.58,0.58
2020-06-24,0.58,0.58
2020-06-24,0.584,0.584
2020-06-25,0.584,0.584
2020-06-25,0.588,0.588
2020-06-25,0.592,0.592
2020-06-26,0.596,0.596
2020-06-26,0.6,0.6
2020-06-26,0.6,0.6
2020-06-29,0.604,0.604
2020-06-29,0.604,0.604
2020-06-29,0.604,0.604
2020-06-30,0.604,0.604
2020-06-30,0.608,0.608
2020-06-30,0.608,0.608
2020-07-01,0.612,0.612
2020-07-01,0.612,0.612
2020-07-01,0.616,0.616
2020-07-02,0.62,0.62
2020-07-02,0.624,0.624
2020-07-02,0.624,0.624
2020-07-03,0.628,0.628
2020-07-03,0.628,0.628
2020-07-06,0.628,0.628
2020-07-06,0.632,0.632
2020-07-06,0.632,0.632
2020-07-07,0.632,0.632
2020-07-07,0.636,0.636
2020-07-07,0.64,0.64
2020-07-08,0.644,0.644
2020-07-08,0.644,0.644
2020-07-08,0.648,0.648
2020-07-09,0.652,0.652
2020-07-09,0.648,0.648
2020-07-09,0.648,0.648
2020-07-10,0.644,0.644
2020-07-10,0.644,0.644
2020-07-10,0.644,0.644
2020-07-13,0.644,0.644
2020-07-13,0.64,0.64
2020-07-13,0.64,0.64
2020-07-14,0.644,0.644
2020-07-14,0.64,0.64
2020-07-14,0.636,0.636
2020-07-15,0.632,0.632
2020-07-15,0.628,0.628
2020-07-15,0.628,0.628
2020-07-16,0.628,0.628
2020-07-16,0.624,0.624
2020-07-16,0.62,0.62
2020-07-17,0.616,0.616
2020-07-17,0.612,0.612
2020-07-17,0.612,0.612
2020-07-20,0.608,0.608
2020-07-20,0.608,0.608
2020-07-20,0.604,0.604
2020-07-21,0.6,0.6
2020-07-21,0.596,0.596
2020-07-21,0.596,0.596
2020-07-22,0.592,0.592
2020-07-22,0.592,0.592
2020-07-22,0.592,0.592
2020-07-23,0.588,0.588
2020-07-23,0.588,0.588
2020-07-23,0.584,0.584
2020-07-24,0.588,0.588
2020-07-24,0.584,0.584
2020-07-24,0.584,0.584
2020-07-27,0.58,0.58
2020-07-27,0.576,0.576
2020-07-27,0.576,0.576
2020-07-28,0.572,0.572
2020-07-28,0.568,0.568
2020-07-28,0.564,0.564
2020-07-29,0.56,0.56
2020-07-29,0.556,0.556
2020-07-29,0.556,0.556
2020-07-30,0.552,0.552
2020-07-30,0.548,0.548
2020-07-30,0.544,0.544
2020-07-31,0.54,0.54
2020-07-31,0.536,0.536
2020-07-31,0.532,0.532
2020-08-03,0.528,0.528
2020-08-03,0.524,0.524
2020-08-03,0.52,0.52
2020-08-04,0.516,0.516
2020-08-04,0.512,0.512
2020-08-04,0.508,0.508
2020-08-05,0.508,0.508
2020-08-05,0.508,0.508
2020-08-05,0.508,0.508
2020-08-06,0.508,0.508
2020-08-06,0.508,0.508
2020-08-06,0.508,0.508
2020-08-07,0.508,0.508
2020-08-07,0.508,0.508
2020-08-07,0.508,0.508
2020-08-10,0.512,0.512
2020-08-10,0.512,0.512
2020-08-10,0.508,0.508
2020-08-11,0.508,0.508
2020-08-11,0.512,0.512
2020-08-11,0.512,0.512
2020-08-12,0.512,0.512
2020-08-12,0.508,0.508
2020-08-12,0.508,0.508
2020-08-13,0.512,0.512
2020-08-13,0.508,0.508
2020-08-13,0.512,0.512
2020-08-14,0.516,0.516
2020-08-14,0.52,0.52
2020-08-14,0.524,0.524
2020-08-17,0.524,0.524
2020-08-18,0.528,0.528
2020-08-18,0.532,0.532
2020-08-18,0.532,0.532
2020-08-19,0.532,0.532
2020-08-19,0.532,0.532
2020-08-19,0.532,0.532
2020-08-20,0.532,0.532
2020-08-20,0.532,0.532
2020-08-20,0.536,0.536
2020-08-21,0.54,0.54
2020-08-21,0.54,0.54
2020-08-21,0.54,0.54
2020-08-24,0.544,0.544
2020-08-24,0.548,0.548
2020-08-24,0.548,0.548
2020-08-25,0.552,0.552
2020-08-25,0.556,0.556
2020-08-25,0.556,0.556
2020-08-26,0.556,0.556
2020-08-26,0.56,0.56
2020-08-26,0.564,0.564
2020-08-27,0.564,0.564
2020-08-27,0.564,0.564
2020-08-27,0.568,0.568
2020-08-28,0.568,0.568
2020-08-28,0.568,0.568
2020-08-28,0.568,0.568
2020-08-31,0.568,0.568
2020-08-31,0.568,0.568
2020-08-31,0.568,0.568
2020-09-01,0.568,0.568
2020-09-01,0.568,0.568
2020-09-01,0.568,0.568
2020-09-02,0.568,0.568
2020-09-02,0.568,0.568
2020-09-02,0.568,0.568
2020-09-03,0.568,0.568
2020-09-03,0.568,0.568
2020-09-03,0.568,0.568
2020-09-04,0.568,0.568
2020-09-04,0.568,0.568
2020-09-04,0.568,0.568
2020-09-07,0.568,0.568
2020-09-07,0.568,0.568
2020-09-08,0.568,0.568
2020-09-08,0.568,0.568
2020-09-08,0.568,0.568
2020-09-09,0.568,0.568
2020-09-09,0.568,0.568
2020-09-09,0.568,0.568
2020-09-10,0.568,0.568
2020-09-10,0.568,0.568
2020-09-10,0.568,0.568
2020-09-11,0.568,0.568
2020-09-11,0.568,0.568
2020-09-11,0.568,0.568
2020-09-14,0.568,0.568
2020-09-14,0.568,0.568
2020-09-14,0.572,0.572
2020-09-15,0.572,0.572
2020-09-15,0.568,0.568
2020-09-15,0.568,0.568
2020-09-16,0.568,0.568
2020-09-16,0.568,0.568
2020-09-16,0.568,0.568
2020-09-17,0.568,0.568
2020-09-17,0.568,0.568
2020-09-17,0.568,0.568
2020-09-18,0.568,0.568
2020-09-18,0.568,0.568
2020-09-18,0.564,0.564
2020-09-21,0.56,0.56
2020-09-21,0.56,0.56
2020-09-21,0.56,0.56
2020-09-22,0.56,0.56
2020-09-22,0.56,0.56
2020-09-22,0.56,0.56
2020-09-23,0.556,0.556
2020-09-23,0.56,0.56
2020-09-23,0.56,0.56
2020-09-24,0.56,0.56
2020-09-24,0.56,0.56
2020-09-24,0.556,0.556
2020-09-25,0.556,0.556
2020-09-25,0.552,0.552
2020-09-25,0.548,0.548
2020-09-28,0.544,0.544
2020-09-28,0.54,0.54
2020-09-28,0.54,0.54
2020-09-29,0.536,0.536
2020-09-29,0.536,0.536
2020-09-29,0.536,0.536
2020-09-30,0.536,0.536
2020-10-01,0.54,0.54
2020-10-02,0.544,0.544
2020-10-05,0.548,0.548
2020-10-05,0.548,0.548
2020-10-05,0.548,0.548
2020-10-06,0.552,0.552
2020-10-06,0.556,0.556
2020-10-06,0.556,0.556
2020-10-07,0.556,0.556
2020-10-07,0.56,0.56
2020-10-07,0.564,0.564
2020-10-08,0.568,0.568
2020-10-08,0.572,0.572
2020-10-08,0.576,0.576
2020-10-09,0.58,0.58
2020-10-12,0.584,0.584
2020-10-12,0.58,0.58
2020-10-12,0.58,0.58
2020-10-13,0.58,0.58
2020-10-13,0.576,0.576
2020-10-13,0.58,0.58
2020-10-14,0.58,0.58
2020-10-14,0.584,0.584
2020-10-14,0.588,0.588
2020-10-15,0.588,0.588
2020-10-15,0.592,0.592
2020-10-15,0.596,0.596
2020-10-16,0.596,0.596
2020-10-16,0.6,0.6
2020-10-16,0.604,0.604
2020-10-19,0.604,0.604
2020-10-19,0.608,0.608
2020-10-19,0.612,0.612
2020-10-20,0.612,0.612
2020-10-20,0.616,0.616
2020-10-20,0.616,0.616
2020-10-21,0.616,0.616
2020-10-21,0.616,0.616
2020-10-21,0.62,0.62
2020-10-22,0.62,0.62
2020-10-22,0.624,0.624
2020-10-22,0.624,0.624
2020-10-23,0.624,0.624
2020-10-23,0.624,0.624
2020-10-23,0.628,0.628
2020-10-26,0.628,0.628
2020-10-26,0.632,0.632
2020-10-26,0.632,0.632
2020-10-27,0.632,0.632
2020-10-27,0.632,0.632
2020-10-27,0.632,0.632
2020-10-28,0.636,0.636
2020-10-28,0.636,0.636
2020-10-28,0.64,0.64
2020-10-29,0.644,0.644
2020-10-29,0.648,0.648
2020-10-29,0.648,0.648
2020-10-30,0.652,0.652
2020-10-30,0.652,0.652
2020-10-30,0.656,0.656
2020-11-02,0.656,0.656
2020-11-02,0.656,0.656
2020-11-02,0.656,0.656
2020-11-03,0.66,0.66
2020-11-03,0.66,0.66
2020-11-03,0.664,0.664
2020-11-04,0.668,0.668
2020-11-04,0.668,0.668
2020-11-04,0.672,0.672
2020-11-05,0.676,0.676
2020-11-05,0.676,0.676
2020-11-05,0.676,0.676
2020-11-06,0.676,0.676
2020-11-06,0.68,0.68
2020-11-06,0.68,0.68
2020-11-09,0.68,0.68
2020-11-09,0.684,0.684
2020-11-09,0.688,0.688
2020-11-10,0.692,0.692
2020-11-10,0.692,0.692
2020-11-10,0.696,0.696
2020-11-11,0.696,0.696
2020-11-11,0.7,0.7
2020-11-11,0.7,0.7
2020-11-12,0.7,0.7
2020-11-12,0.704,0.704
2020-11-12,0.708,0.708
2020-11-13,0.712,0.712
2020-11-13,0.716,0.716
2020-11-13,0.716,0.716
2020-11-16,0.716,0.716
2020-11-16,0.72,0.72
2020-11-16,0.724,0.724
2020-11-17,0.728,0.728
2020-11-17,0.732,0.732
2020-11-17,0.732,0.732
2020-11-18,0.736,0.736
2020-11-18,0.736,0.736
2020-11-18,0.74,0.74
2020-11-19,0.744,0.744
2020-11-19,0.748,0.748
2020-11-19,0.748,0.748
2020-11-20,0.752,0.752
2020-11-20,0.756,0.756
2020-11-20,0.756,0.756
2020-11-23,0.76,0.76
2020-11-23,0.76,0.76
2020-11-23,0.764,0.764
2020-11-24,0.764,0.764
2020-11-24,0.768,0.768
2020-11-24,0.772,0.772
2020-11-25,0.776,0.776
2020-11-25,0.78,0.78
2020-11-25,0.784,0.784
2020-11-26,0.788,0.788
2020-11-26,0.792,0.792
2020-11-27,0.796,0.796
2020-11-27,0.8,0.8
2020-11-27,0.804,0.804
2020-11-30,0.808,0.808
2020-11-30,0.812,0.812
2020-11-30,0.816,0.816
2020-12-01,0.82,0.82
2020-12-01,0.824,0.824
2020-12-01,0.828,0.828
2020-12-02,0.832,0.832
2020-12-02,0.836,0.836
2020-12-02,0.84,0.84
2020-12-03,0.844,0.844
2020-12-03,0.848,0.848
2020-12-03,0.852,0.852
2020-12-04,0.856,0.856
2020-12-04,0.86,0.86
2020-12-04,0.864,0.864
2020-12-07,0.868,0.868
2020-12-07,0.872,0.872
2020-12-07,0.876,0.876
2020-12-08,0.88,0.88
2020-12-08,0.884,0.884
2020-12-08,0.888,0.888
2020-12-09,0.892,0.892
2020-12-09,0.892,0.892
2020-12-09,0.896,0.896
2020-12-10,0.9,0.9
2020-12-10,0.904,0.904
2020-12-10,0.904,0.904
2020-12-11,0.908,0.908
2020-12-11,0.912,0.912
2020-12-11,0.916,0.916
2020-12-14,0.92,0.92
2020-12-14,0.92,0.92
2020-12-14,0.924,0.924
2020-12-15,0.924,0.924
2020-12-15,0.924,0.924
2020-12-15,0.924,0.924
2020-12-16,0.924,0.924
2020-12-16,0.924,0.924
2020-12-16,0.924,0.924
2020-12-17,0.924,0.924
2020-12-17,0.924,0.924
2020-12-17,0.924,0.924
2020-12-18,0.924,0.924
2020-12-18,0.924,0.924
2020-12-18,0.924,0.924
2020-12-21,0.924,0.924
2020-12-21,0.924,0.924
2020-12-21,0.924,0.924
2020-12-22,0.924,0.924
2020-12-22,0.924,0.924
2020-12-22,0.924,0.924
2020-12-23,0.924,0.924
2020-12-23,0.924,0.924
2020-12-23,0.924,0.924
2020-12-24,0.924,0.924
2020-12-24,0.924,0.924
2020-12-24,0.924,0.924
2020-12-28,0.924,0.924
2020-12-28,0.924,0.924
2020-12-28,0.924,0.924
2020-12-29,0.924,0.924
2020-12-29,0.924,0.924
2020-12-29,0.924,0.924
2020-12-30,0.924,0.924
2020-12-30,0.92,0.92
2020-12-30,0.92,0.92
2020-12-31,0.92,0.92
2021-01-04,0.92,0.92
2021-01-04,0.92,0.92
2021-01-04,0.92,0.92
2021-01-05,0.92,0.92
2021-01-05,0.92,0.92
2021-01-05,0.916,0.916
2021-01-06,0.916,0.916
2021-01-06,0.916,0.916
2021-01-06,0.912,0.912
2021-01-07,0.908,0.908
2021-01-07,0.904,0.904
2021-01-07,0.9,0.9
2021-01-08,0.9,0.9
2021-01-08,0.896,0.896
2021-01-08,0.892,0.892
2021-01-11,0.888,0.888
2021-01-11,0.884,0.884
2021-01-11,0.884,0.884
2021-01-12,0.884,0.884
2021-01-12,0.88,0.88
2021-01-12,0.876,0.876
2021-01-13,0.872,0.872
2021-01-13,0.872,0.872
2021-01-13,0.868,0.868
2021-01-14,0.864,0.864
2021-01-14,0.864,0.864
2021-01-14,0.86,0.86
2021-01-15,0.86,0.86
2021-01-15,0.864,0.864
2021-01-15,0.86,0.86
2021-01-18,0.856,0.856
2021-01-18,0.856,0.856
2021-01-19,0.852,0.852
2021-01-19,0.852,0.852
2021-01-19,0.848,0.848
2021-01-20,0.848,0.848
2021-01-20,0.848,0.848
2021-01-20,0.844,0.844
2021-01-21,0.844,0.844
2021-01-21,0.844,0.844
2021-01-21,0.84,0.84
2021-01-22,0.844,0.844
2021-01-22,0.848,0.848
2021-01-22,0.844,0.844
2021-01-25,0.84,0.84
2021-01-25,0.84,0.84
2021-01-25,0.84,0.84
2021-01-26,0.84,0.84
2021-01-26,0.84,0.84
2021-01-26,0.84,0.84
2021-01-27,0.84,0.84
2021-01-27,0.836,0.836
2021-01-27,0.836,0.836
2021-01-28,0.84,0.84
2021-01-28,0.84,0.84
2021-01-28,0.84,0.84
2021-01-29,0.844,0.844
2021-01-29,0.848,0.848
2021-01-29,0.852,0.852
2021-02-01,0.848,0.848
2021-02-01,0.852,0.852
2021-02-01,0.852,0.852
2021-02-02,0.852,0.852
2021-02-02,0.852,0.852
2021-02-02,0.852,0.852
2021-02-03,0.848,0.848
2021-02-03,0.848,0.848
2021-02-03,0.852,0.852
2021-02-04,0.856,0.856
2021-02-04,0.852,0.852
2021-02-04,0.852,0.852
2021-02-05,0.856,0.856
2021-02-05,0.856,0.856
2021-02-05,0.856,0.856
2021-02-08,0.856,0.856
2021-02-08,0.856,0.856
2021-02-08,0.852,0.852
2021-02-09,0.852,0.852
2021-02-09,0.852,0.852
2021-02-09,0.852,0.852
2021-02-10,0.856,0.856
2021-02-10,0.852,0.852
2021-02-10,0.856,0.856
2021-02-11,0.86,0.86
2021-02-12,0.856,0.856
2021-02-15,0.852,0.852
2021-02-15,0.852,0.852
2021-02-16,0.848,0.848
2021-02-16,0.848,0.848
2021-02-16,0.848,0.848
2021-02-17,0.848,0.848
2021-02-17,0.848,0.848
2021-02-17,0.844,0.844
2021-02-18,0.844,0.844
2021-02-18,0.84,0.84
2021-02-18,0.836,0.836
2021-02-19,0.836,0.836
2021-02-19,0.836,0.836
2021-02-19,0.832,0.832
2021-02-22,0.832,0.832
2021-02-22,0.832,0.832
2021-02-22,0.832,0.832
2021-02-23,0.828,0.828
2021-02-23,0.824,0.824
2021-02-23,0.82,0.82
2021-02-24,0.816,0.816
2021-02-24,0.812,0.812
2021-02-24,0.808,0.808
2021-02-25,0.804,0.804
2021-02-25,0.8,0.8
2021-02-25,0.796,0.796
2021-02-26,0.792,0.792
2021-02-26,0.788,0.788
2021-02-26,0.784,0.784
2021-03-01,0.78,0.78
2021-03-02,0.776,0.776
2021-03-02,0.772,0.772
2021-03-02,0.768,0.768
2021-03-03,0.764,0.764
2021-03-03,0.76,0.76
2021-03-03,0.756,0.756
2021-03-04,0.756,0.756
2021-03-04,0.756,0.756
2021-03-04,0.756,0.756
2021-03-05,0.756,0.756
2021-03-05,0.752,0.752
2021-03-05,0.752,0.752
2021-03-08,0.752,0.752
2021-03-08,0.752,0.752
2021-03-08,0.752,0.752
2021-03-09,0.752,0.752
2021-03-09,0.752,0.752
2021-03-09,0.752,0.752
2021-03-10,0.752,0.752
2021-03-10,0.752,0.752
2021-03-10,0.752,0.752
2021-03-11,0.752,0.752
2021-03-11,0.752,0.752
2021-03-11,0.752,0.752
2021-03-12,0.752,0.752
2021-03-12,0.748,0.748
2021-03-12,0.748,0.748
2021-03-15,0.748,0.748
2021-03-15,0.748,0.748
2021-03-15,0.744,0.744
2021-03-16,0.744,0.744
2021-03-16,0.74,0.74
2021-03-16,0.736,0.736
2021-03-17,0.736,0.736
2021-03-17,0.732,0.732
2021-03-17,0.728,0.728
2021-03-18,0.728,0.728
2021-03-18,0.724,0.724
2021-03-18,0.724,0.724
2021-03-19,0.724,0.724
2021-03-19,0.72,0.72
2021-03-19,0.716,0.716
2021-03-22,0.712,0.712
2021-03-22,0.712,0.712
2021-03-22,0.708,0.708
2021-03-23,0.708,0.708
2021-03-23,0.708,0.708
2021-03-23,0.708,0.708
2021-03-24,0.708,0.708
2021-03-24,0.704,0.704
2021-03-24,0.704,0.704
2021-03-25,0.704,0.704
2021-03-25,0.704,0.704
2021-03-25,0.7,0.7
2021-03-26,0.7,0.7
2021-03-26,0.7,0.7
2021-03-26,0.696,0.696
2021-03-29,0.696,0.696
2021-03-29,0.692,0.692
2021-03-29,0.692,0.692
2021-03-30,0.692,0.692
2021-03-30,0.692,0.692
2021-03-30,0.688,0.688
2021-03-31,0.684,0.684
2021-03-31,0.68,0.68
2021-03-31,0.676,0.676
2021-04-01,0.672,0.672
2021-04-01,0.668,0.668
2021-04-01,0.664,0.664
2021-04-02,0.66,0.66
2021-04-02,0.656,0.656
2021-04-05,0.652,0.652
2021-04-05,0.648,0.648
2021-04-05,0.644,0.644
2021-04-06,0.64,0.64
2021-04-06,0.636,0.636
2021-04-06,0.632,0.632
2021-04-07,0.628,0.628
2021-04-07,0.624,0.624
2021-04-07,0.62,0.62
2021-04-08,0.616,0.616
2021-04-08,0.612,0.612
2021-04-08,0.608,0.608
2021-04-09,0.604,0.604
2021-04-09,0.6,0.6
2021-04-09,0.596,0.596
2021-04-12,0.592,0.592
2021-04-12,0.588,0.588
2021-04-12,0.584,0.584
2021-04-13,0.58,0.58
2021-04-13,0.576,0.576
2021-04-13,0.572,0.572
2021-04-14,0.568,0.568
2021-04-14,0.564,0.564
2021-04-14,0.56,0.56
2021-04-15,0.556,0.556
2021-04-15,0.552,0.552
2021-04-15,0.548,0.548
2021-04-16,0.544,0.544
2021-04-16,0.54,0.54
2021-04-16,0.536,0.536
2021-04-19,0.532,0.532
2021-04-19,0.528,0.528
2021-04-19,0.524,0.524
2021-04-20,0.52,0.52
2021-04-20,0.516,0.516
2021-04-20,0.512,0.512
2021-04-21,0.508,0.508
2021-04-21,0.504,0.504
2021-04-21,0.5,0.5
2021-04-22,0.496,0.496
2021-04-22,0.492,0.492
2021-04-22,0.488,0.488
2021-04-23,0.484,0.484
2021-04-23,0.48,0.48
2021-04-23,0.476,0.476
2021-04-26,0.472,0.472
2021-04-26,0.468,0.468
2021-04-26,0.464,0.464
2021-04-27,0.46,0.46
2021-04-27,0.456,0.456
2021-04-27,0.452,0.452
2021-04-28,0.448,0.448
2021-04-28,0.444,0.444
2021-04-28,0.44,0.44
2021-04-29,0.436,0.436
2021-04-29,0.432,0.432
2021-04-29,0.428,0.428
2021-04-30,0.424,0.424
2021-04-30,0.424,0.424
2021-04-30,0.42,0.42
2021-05-03,0.42,0.42
2021-05-03,0.42,0.42
2021-05-03,0.416,0.416
2021-05-04,0.416,0.416
2021-05-04,0.412,0.412
2021-05-04,0.408,0.408
2021-05-05,0.404,0.404
2021-05-06,0.404,0.404
2021-05-06,0.404,0.404
2021-05-06,0.404,0.404
2021-05-07,0.4,0.4
2021-05-07,0.396,0.396
2021-05-07,0.396,0.396
2021-05-10,0.396,0.396
2021-05-10,0.4,0.4
2021-05-10,0.404,0.404
2021-05-11,0.404,0.404
2021-05-11,0.404,0.404
2021-05-11,0.404,0.404
2021-05-12,0.408,0.408
2021-05-12,0.412,0.412
2021-05-12,0.412,0.412
2021-05-13,0.412,0.412
2021-05-13,0.416,0.416
2021-05-13,0.42,0.42
2021-05-14,0.424,0.424
2021-05-14,0.42,0.42
2021-05-14,0.424,0.424
2021-05-17,0.428,0.428
2021-05-17,0.428,0.428
2021-05-17,0.432,0.432
2021-05-18,0.432,0.432
2021-05-18,0.432,0.432
2021-05-18,0.436,0.436
2021-05-19,0.44,0.44
2021-05-20,0.444,0.444
2021-05-20,0.444,0.444
2021-05-20,0.444,0.444
2021-05-21,0.444,0.444
2021-05-21,0.444,0.444
2021-05-21,0.444,0.444
2021-05-24,0.448,0.448
2021-05-24,0.444,0.444
2021-05-24,0.44,0.44
2021-05-25,0.44,0.44
2021-05-25,0.436,0.436
2021-05-25,0.432,0.432
2021-05-26,0.436,0.436
2021-05-26,0.436,0.436
2021-05-26,0.432,0.432
2021-05-27,0.428,0.428
2021-05-27,0.428,0.428
2021-05-27,0.428,0.428
2021-05-28,0.428,0.428
2021-05-28,0.428,0.428
2021-05-28,0.428,0.428
2021-05-31,0.428,0.428
2021-05-31,0.424,0.424
2021-06-01,0.42,0.42
2021-06-01,0.42,0.42
2021-06-01,0.42,0.42
2021-06-02,0.416,0.416
2021-06-02,0.416,0.416
2021-06-02,0.42,0.42
2021-06-03,0.416,0.416
2021-06-03,0.412,0.412
2021-06-03,0.412,0.412
2021-06-04,0.408,0.408
2021-06-04,0.404,0.404
2021-06-04,0.404,0.404
2021-06-07,0.4,0.4
2021-06-07,0.396,0.396
2021-06-07,0.392,0.392
2021-06-08,0.392,0.392
2021-06-08,0.388,0.388
2021-06-08,0.388,0.388
2021-06-09,0.388,0.388
2021-06-09,0.388,0.388
2021-06-09,0.384,0.384
2021-06-10,0.38,0.38
2021-06-10,0.38,0.38
2021-06-10,0.376,0.376
2021-06-11,0.372,0.372
2021-06-11,0.368,0.368
2021-06-11,0.368,0.368
2021-06-14,0.368,0.368
2021-06-14,0.364,0.364
2021-06-14,0.36,0.36
2021-06-15,0.36,0.36
2021-06-15,0.36,0.36
2021-06-15,0.356,0.356
2021-06-16,0.356,0.356
2021-06-16,0.352,0.352
2021-06-16,0.348,0.348
2021-06-17,0.344,0.344
2021-06-17,0.34,0.34
2021-06-17,0.34,0.34
2021-06-18,0.34,0.34
2021-06-18,0.344,0.344
2021-06-18,0.344,0.344
2021-06-21,0.34,0.34
2021-06-21,0.336,0.336
2021-06-21,0.336,0.336
2021-06-22,0.332,0.332
2021-06-22,0.328,0.328
2021-06-22,0.324,0.324
2021-06-23,0.324,0.324
2021-06-23,0.324,0.324
2021-06-23,0.324,0.324
2021-06-24,0.324,0.324
2021-06-24,0.324,0.324
2021-06-24,0.324,0.324
2021-06-25,0.324,0.324
2021-06-25,0.324,0.324
2021-06-25,0.324,0.324
2021-06-28,0.324,0.324
2021-06-28,0.324,0.324
2021-06-28,0.324,0.324
2021-06-29,0.324,0.324
2021-06-29,0.324,0.324
2021-06-29,0.324,0.324
2021-06-30,0.324,0.324
2021-06-30,0.324,0.324
2021-06-30,0.324,0.324
2021-07-01,0.324,0.324
2021-07-01,0.32,0.32
2021-07-01,0.316,0.316
2021-07-02,0.312,0.312
2021-07-02,0.308,0.308
2021-07-02,0.308,0.308
2021-07-05,0.304,0.304
2021-07-05,0.3,0.3
2021-07-06,0.3,0.3
2021-07-06,0.296,0.296
2021-07-06,0.292,0.292
2021-07-07,0.292,0.292
2021-07-07,0.288,0.288
2021-07-07,0.288,0.288
2021-07-08,0.288,0.288
2021-07-08,0.288,0.288
2021-07-08,0.284,0.284
2021-07-09,0.28,0.28
2021-07-09,0.28,0.28
2021-07-09,0.28,0.28
2021-07-12,0.284,0.284
2021-07-12,0.284,0.284
2021-07-12,0.28,0.28
2021-07-13,0.28,0.28
2021-07-13,0.28,0.28
2021-07-13,0.276,0.276
2021-07-14,0.276,0.276
2021-07-14,0.276,0.276
2021-07-14,0.272,0.272
2021-07-15,0.272,0.272
2021-07-15,0.272,0.272
2021-07-15,0.268,0.268
2021-07-16,0.268,0.268
2021-07-16,0.264,0.264
2021-07-16,0.26,0.26
2021-07-19,0.26,0.26
2021-07-19,0.26,0.26
2021-07-19,0.26,0.26
2021-07-20,0.256,0.256
2021-07-20,0.256,0.256
2021-07-20,0.252,0.252
2021-07-21,0.248,0.248
2021-07-21,0.244,0.244
2021-07-21,0.24,0.24
2021-07-22,0.24,0.24
2021-07-22,0.236,0.236
2021-07-22,0.232,0.232
2021-07-23,0.228,0.228
2021-07-23,0.228,0.228
2021-07-23,0.224,0.224
2021-07-26,0.22,0.22
2021-07-26,0.22,0.22
2021-07-26,0.216,0.216
2021-07-27,0.216,0.216
2021-07-27,0.212,0.212
2021-07-27,0.208,0.208
2021-07-28,0.204,0.204
2021-07-28,0.204,0.204
2021-07-28,0.204,0.204
2021-07-29,0.204,0.204
2021-07-29,0.204,0.204
2021-07-29,0.204,0.204
2021-07-30,0.204,0.204
2021-07-30,0.204,0.204
2021-07-30,0.204,0.204
2021-08-02,0.204,0.204
2021-08-02,0.204,0.204
2021-08-02,0.204,0.204
2021-08-03,0.204,0.204
2021-08-03,0.204,0.204
2021-08-03,0.204,0.204
2021-08-04,0.204,0.204
2021-08-04,0.204,0.204
2021-08-04,0.204,0.204
2021-08-05,0.204,0.204
2021-08-05,0.204,0.204
2021-08-05,0.204,0.204
2021-08-06,0.204,0.204
2021-08-06,0.204,0.204
2021-08-06,0.204,0.204
2021-08-09,0.204,0.204
2021-08-09,0.204,0.204
2021-08-09,0.204,0.204
2021-08-10,0.204,0.204
2021-08-10,0.204,0.204
2021-08-10,0.204,0.204
2021-08-11,0.208,0.208
2021-08-11,0.208,0.208
2021-08-11,0.212,0.212
2021-08-12,0.216,0.216
2021-08-12,0.216,0.216
2021-08-12,0.22,0.22
2021-08-13,0.224,0.224
2021-08-13,0.228,0.228
2021-08-13,0.232,0.232
2021-08-16,0.236,0.236
2021-08-17,0.24,0.24
2021-08-17,0.244,0.244
2021-08-17,0.248,0.248
2021-08-18,0.252,0.252
2021-08-18,0.256,0.256
2021-08-18,0.26,0.26
2021-08-19,0.264,0.264
2021-08-19,0.268,0.268
2021-08-19,0.272,0.272
2021-08-20,0.276,0.276
2021-08-20,0.28,0.28
2021-08-20,0.284,0.284
2021-08-23,0.288,0.288
2021-08-23,0.292,0.292
2021-08-23,0.296,0.296
2021-08-24,0.296,0.296
2021-08-24,0.3,0.3
2021-08-24,0.304,0.304
2021-08-25,0.304,0.304
2021-08-25,0.308,0.308
2021-08-25,0.312,0.312
2021-08-26,0.316,0.316
2021-08-26,0.32,0.32
2021-08-26,0.32,0.32
2021-08-27,0.32,0.32
2021-08-27,0.324,0.324
2021-08-27,0.324,0.324
2021-08-30,0.324,0.324
2021-08-30,0.32,0.32
2021-08-30,0.32,0.32
2021-08-31,0.316,0.316
2021-08-31,0.316,0.316
2021-08-31,0.316,0.316
2021-09-01,0.312,0.312
2021-09-01,0.312,0.312
2021-09-01,0.312,0.312
2021-09-02,0.312,0.312
2021-09-02,0.308,0.308
2021-09-02,0.304,0.304
2021-09-03,0.304,0.304
2021-09-03,0.304,0.304
2021-09-03,0.304,0.304
2021-09-06,0.304,0.304
2021-09-06,0.304,0.304
2021-09-07,0.3,0.3
2021-09-07,0.296,0.296
2021-09-07,0.292,0.292
2021-09-08,0.292,0.292
2021-09-08,0.292,0.292
2021-09-08,0.288,0.288
2021-09-09,0.284,0.284
2021-09-09,0.28,0.28
2021-09-09,0.276,0.276
2021-09-10,0.272,0.272
2021-09-10,0.268,0.268
2021-09-10,0.264,0.264
2021-09-13,0.264,0.264
2021-09-13,0.26,0.26
2021-09-13,0.256,0.256
2021-09-14,0.252,0.252
2021-09-14,0.248,0.248
2021-09-14,0.244,0.244
2021-09-15,0.24,0.24
2021-09-15,0.236,0.236
2021-09-15,0.232,0.232
2021-09-16,0.228,0.228
2021-09-16,0.228,0.228
2021-09-16,0.224,0.224
2021-09-17,0.224,0.224
2021-09-17,0.22,0.22
2021-09-17,0.216,0.216
2021-09-20,0.212,0.212
2021-09-21,0.212,0.212
2021-09-22,0.212,0.212
2021-09-23,0.212,0.212
2021-09-23,0.212,0.212
2021-09-23,0.212,0.212
2021-09-24,0.208,0.208
2021-09-24,0.208,0.208
2021-09-24,0.208,0.208
2021-09-27,0.208,0.208
2021-09-27,0.204,0.204
2021-09-27,0.204,0.204
2021-09-28,0.204,0.204
2021-09-28,0.2,0.2
2021-09-28,0.2,0.2
2021-09-29,0.2,0.2
2021-09-29,0.2,0.2
2021-09-29,0.2,0.2
2021-09-30,0.204,0.204
2021-09-30,0.2,0.2
2021-09-30,0.2,0.2
2021-10-01,0.196,0.196
2021-10-01,0.192,0.192
2021-10-01,0.196,0.196
2021-10-04,0.196,0.196
2021-10-05,0.2,0.2
2021-10-05,0.204,0.204
2021-10-05,0.204,0.204
2021-10-06,0.208,0.208
2021-10-06,0.212,0.212
2021-10-06,0.212,0.212
2021-10-07,0.212,0.212
2021-10-07,0.216,0.216
2021-10-07,0.22,0.22
2021-10-08,0.216,0.216
2021-10-08,0.22,0.22
2021-10-08,0.22,0.22
2021-10-11,0.224,0.224
2021-10-12,0.228,0.228
2021-10-12,0.232,0.232
2021-10-12,0.236,0.236
2021-10-13,0.24,0.24
2021-10-13,0.244,0.244
2021-10-13,0.244,0.244
2021-10-14,0.248,0.248
2021-10-14,0.248,0.248
2021-10-14,0.252,0.252
2021-10-15,0.256,0.256
2021-10-15,0.26,0.26
2021-10-15,0.264,0.264
2021-10-18,0.268,0.268
2021-10-18,0.272,0.272
2021-10-18,0.276,0.276
2021-10-19,0.28,0.28
2021-10-19,0.284,0.284
2021-10-19,0.288,0.288
2021-10-20,0.288,0.288
2021-10-20,0.288,0.288
2021-10-20,0.292,0.292
2021-10-21,0.296,0.296
2021-10-21,0.3,0.3
2021-10-21,0.304,0.304
2021-10-22,0.308,0.308
2021-10-22,0.312,0.312
2021-10-22,0.316,0.316
2021-10-25,0.32,0.32
2021-10-25,0.324,0.324
2021-10-25,0.328,0.328
2021-10-26,0.328,0.332
2021-10-26,0.332,0.336
2021-10-26,0.332,0.34
2021-10-27,0.336,0.344
2021-10-27,0.336,0.348
2021-10-27,0.336,0.352
2021-10-28,0.34,0.356
2021-10-28,0.344,0.36
2021-10-28,0.344,0.364
2021-10-29,0.348,0.368
2021-10-29,0.352,0.372
2021-10-29,0.356,0.376
2021-11-01,0.36,0.38
2021-11-01,0.364,0.384
2021-11-01,0.368,0.388
2021-11-02,0.368,0.392
2021-11-02,0.372,0.396
2021-11-02,0.372,0.396
2021-11-03,0.372,0.4
2021-11-03,0.376,0.404
2021-11-03,0.38,0.408
2021-11-04,0.38,0.412
2021-11-04,0.38,0.416
2021-11-04,0.376,0.416
2021-11-05,0.376,0.42
2021-11-05,0.376,0.424
2021-11-05,0.372,0.424
2021-11-08,0.372,0.428
2021-11-08,0.368,0.428
2021-11-08,0.364,0.428
2021-11-09,0.36,0.428
2021-11-09,0.36,0.432
2021-11-09,0.36,0.436
2021-11-10,0.356,0.436
2021-11-10,0.352,0.436
2021-11-10,0.348,0.436
2021-11-11,0.348,0.436
2021-11-11,0.352,0.44
2021-11-11,0.352,0.44
2021-11-12,0.352,0.444
2021-11-12,0.356,0.448
2021-11-12,0.356,0.452
2021-11-15,0.356,0.456
2021-11-15,0.356,0.46
2021-11-15,0.356,0.464
2021-11-16,0.356,0.468
2021-11-16,0.356,0.472
2021-11-16,0.36,0.476
2021-11-17,0.364,0.48
2021-11-17,0.368,0.484
2021-11-17,0.372,0.488
2021-11-18,0.376,0.492
2021-11-18,0.38,0.496
2021-11-18,0.384,0.5
2021-11-19,0.388,0.504
2021-11-19,0.388,0.504
2021-11-19,0.392,0.508
2021-11-22,0.396,0.512
2021-11-22,0.4,0.516
2021-11-22,0.404,0.52
2021-11-23,0.408,0.524
2021-11-23,0.412,0.528
2021-11-23,0.416,0.532
2021-11-24,0.42,0.536
2021-11-24,0.424,0.54
2021-11-24,0.428,0.544
2021-11-25,0.432,0.548
2021-11-25,0.436,0.552
2021-11-26,0.44,0.556
2021-11-26,0.444,0.56
2021-11-26,0.448,0.564
2021-11-29,0.452,0.568
2021-11-29,0.456,0.572
2021-11-29,0.46,0.576
2021-11-30,0.464,0.58
2021-11-30,0.468,0.584
2021-11-30,0.472,0.588
2021-12-01,0.476,0.592
2021-12-01,0.48,0.596
2021-12-01,0.484,0.6
2021-12-02,0.488,0.604
2021-12-02,0.492,0.608
2021-12-02,0.496,0.612
2021-12-03,0.5,0.616
2021-12-03,0.504,0.62
2021-12-03,0.508,0.624
2021-12-06,0.512,0.628
2021-12-06,0.516,0.632
2021-12-06,0.52,0.636
2021-12-07,0.52,0.636
2021-12-07,0.524,0.64
2021-12-07,0.528,0.644
2021-12-08,0.532,0.648
2021-12-08,0.536,0.652
2021-12-08,0.54,0.656
2021-12-09,0.544,0.66
2021-12-09,0.548,0.664
2021-12-09,0.552,0.668
2021-12-10,0.556,0.672
2021-12-10,0.56,0.676
2021-12-10,0.564,0.68
2021-12-13,0.564,0.68
2021-12-13,0.568,0.684
2021-12-13,0.568,0.684
2021-12-14,0.568,0.684
2021-12-14,0.572,0.688
2021-12-14,0.568,0.688
2021-12-15,0.564,0.684
2021-12-15,0.564,0.684
2021-12-15,0.564,0.684
2021-12-16,0.564,0.684
2021-12-16,0.564,0.684
2021-12-16,0.56,0.684
2021-12-17,0.56,0.684
2021-12-17,0.556,0.684
2021-12-17,0.552,0.68
2021-12-20,0.548,0.68
2021-12-20,0.548,0.68
2021-12-20,0.548,0.676
2021-12-21,0.548,0.672
2021-12-21,0.544,0.668
2021-12-21,0.544,0.664
2021-12-22,0.544,0.66
2021-12-22,0.54,0.656
2021-12-22,0.536,0.652
2021-12-23,0.532,0.648
2021-12-23,0.532,0.648
2021-12-23,0.528,0.644
2021-12-24,0.524,0.64
2021-12-24,0.524,0.64
2021-12-27,0.52,0.636
2021-12-27,0.516,0.632
2021-12-27,0.512,0.628
2021-12-28,0.508,0.624
2021-12-28,0.508,0.624
2021-12-28,0.508,0.624
2021-12-29,0.504,0.62
2021-12-29,0.504,0.62
2021-12-29,0.504,0.62
2021-12-30,0.504,0.62
2021-12-30,0.504,0.62
2021-12-30,0.504,0.62
2021-12-31,0.504,0.62
2022-01-03,0.504,0.62
2022-01-04,0.504,0.62
2022-01-04,0.504,0.62
2022-01-04,0.504,0.62
2022-01-05,0.504,0.62
2022-01-05,0.504,0.62
2022-01-05,0.504,0.62
2022-01-06,0.504,0.62
2022-01-06,0.504,0.62
2022-01-06,0.508,0.62
2022-01-07,0.508,0.62
2022-01-07,0.508,0.62
2022-01-07,0.508,0.62
2022-01-10,0.508,0.62
2022-01-10,0.512,0.62
2022-01-10,0.516,0.624
2022-01-11,0.516,0.624
2022-01-11,0.52,0.628
2022-01-11,0.52,0.628
2022-01-12,0.52,0.628
2022-01-12,0.524,0.632
2022-01-12,0.524,0.632
2022-01-13,0.524,0.632
2022-01-13,0.524,0.632
2022-01-13,0.528,0.632
2022-01-14,0.532,0.632
2022-01-14,0.532,0.636
2022-01-14,0.536,0.636
2022-01-17,0.536,0.64
2022-01-17,0.54,0.64
2022-01-18,0.544,0.64
2022-01-18,0.544,0.644
2022-01-18,0.544,0.648
2022-01-19,0.544,0.652
2022-01-19,0.544,0.656
2022-01-19,0.548,0.656
2022-01-20,0.548,0.66
2022-01-20,0.548,0.664
2022-01-20,0.552,0.664
2022-01-21,0.552,0.668
2022-01-21,0.552,0.672
2022-01-21,0.556,0.672
2022-01-24,0.556,0.676
2022-01-24,0.56,0.676
2022-01-24,0.56,0.68
2022-01-25,0.564,0.68
2022-01-25,0.564,0.684
2022-01-25,0.564,0.688
2022-01-26,0.564,0.692
2022-01-26,0.568,0.692
2022-01-26,0.568,0.696
2022-01-27,0.564,0.696
2022-01-27,0.564,0.7
2022-01-27,0.564,0.704
2022-01-28,0.564,0.7
2022-01-28,0.564,0.704
2022-01-28,0.564,0.708
2022-01-31,0.56,0.708
2022-02-01,0.56,0.712
2022-02-02,0.56,0.716
2022-02-03,0.564,0.716
2022-02-03,0.564,0.72
2022-02-03,0.56,0.72
2022-02-04,0.564,0.72
2022-02-04,0.564,0.716
2022-02-04,0.564,0.712
2022-02-07,0.568,0.712
2022-02-07,0.568,0.708
2022-02-07,0.568,0.704
2022-02-08,0.572,0.704
2022-02-08,0.576,0.704
2022-02-08,0.576,0.7
2022-02-09,0.576,0.696
2022-02-09,0.58,0.696
2022-02-09,0.58,0.692
2022-02-10,0.58,0.688
2022-02-10,0.58,0.684
2022-02-10,0.58,0.68
2022-02-11,0.58,0.676
2022-02-11,0.58,0.672
2022-02-11,0.58,0.668
2022-02-14,0.58,0.664
2022-02-14,0.58,0.66
2022-02-14,0.58,0.656
2022-02-15,0.584,0.656
2022-02-15,0.584,0.652
2022-02-15,0.584,0.648
2022-02-16,0.584,0.644
2022-02-16,0.584,0.64
2022-02-16,0.584,0.636
2022-02-17,0.584,0.632
2022-02-17,0.584,0.628
2022-02-17,0.584,0.624
2022-02-18,0.584,0.62
2022-02-18,0.584,0.616
2022-02-18,0.584,0.612
2022-02-21,0.584,0.608
2022-02-21,0.584,0.604
2022-02-22,0.584,0.6
2022-02-22,0.584,0.596
2022-02-22,0.584,0.592
2022-02-23,0.584,0.588
2022-02-23,0.58,0.584
2022-02-23,0.58,0.58
2022-02-24,0.58,0.576
2022-02-24,0.58,0.572
2022-02-24,0.58,0.568
2022-02-25,0.584,0.564
2022-02-25,0.584,0.56
2022-02-25,0.588,0.556
2022-02-28,0.588,0.552
2022-02-28,0.592,0.548
2022-02-28,0.596,0.544
2022-03-01,0.596,0.54
2022-03-02,0.596,0.536
2022-03-02,0.6,0.532
2022-03-02,0.6,0.528
2022-03-03,0.6,0.524
2022-03-03,0.6,0.52
2022-03-03,0.6,0.516
2022-03-04,0.6,0.512
2022-03-04,0.6,0.508
2022-03-04,0.604,0.504
2022-03-07,0.604,0.5
2022-03-07,0.604,0.504
2022-03-07,0.604,0.504
2022-03-08,0.604,0.5
2022-03-08,0.604,0.496
2022-03-08,0.608,0.492
2022-03-09,0.612,0.488
2022-03-10,0.616,0.484
2022-03-10,0.62,0.48
2022-03-10,0.624,0.476
2022-03-11,0.628,0.472
2022-03-11,0.628,0.472
2022-03-11,0.632,0.468
2022-03-14,0.636,0.464
2022-03-14,0.636,0.464
2022-03-14,0.64,0.46
2022-03-15,0.644,0.456
2022-03-15,0.648,0.452
2022-03-15,0.652,0.448
2022-03-16,0.656,0.444
2022-03-16,0.656,0.44
2022-03-16,0.656,0.436
2022-03-17,0.656,0.432
2022-03-17,0.66,0.428
2022-03-17,0.66,0.424
2022-03-18,0.664,0.42
2022-03-18,0.668,0.416
2022-03-18,0.672,0.412
2022-03-21,0.676,0.408
2022-03-21,0.68,0.404
2022-03-21,0.684,0.4
2022-03-22,0.684,0.396
2022-03-22,0.684,0.392
2022-03-22,0.684,0.388
2022-03-23,0.684,0.384
2022-03-23,0.684,0.38
2022-03-23,0.684,0.376
2022-03-24,0.684,0.372
2022-03-24,0.684,0.368
2022-03-24,0.688,0.368
2022-03-25,0.688,0.364
2022-03-25,0.688,0.36
2022-03-25,0.688,0.356
2022-03-28,0.688,0.352
2022-03-28,0.688,0.348
2022-03-28,0.688,0.344
2022-03-29,0.688,0.34
2022-03-29,0.688,0.336
2022-03-29,0.688,0.332
2022-03-30,0.688,0.328
2022-03-30,0.688,0.324
2022-03-30,0.688,0.32
2022-03-31,0.688,0.316
2022-03-31,0.688,0.312
2022-03-31,0.688,0.308
2022-04-01,0.688,0.304
2022-04-01,0.688,0.3
2022-04-01,0.688,0.296
2022-04-04,0.688,0.292
2022-04-04,0.688,0.288
2022-04-04,0.688,0.284
2022-04-05,0.688,0.28
2022-04-05,0.688,0.276
2022-04-05,0.684,0.276
2022-04-06,0.684,0.272
2022-04-06,0.684,0.268
2022-04-06,0.684,0.264
2022-04-07,0.684,0.26
2022-04-07,0.684,0.256
2022-04-07,0.684,0.252
2022-04-08,0.684,0.248
2022-04-08,0.684,0.244
2022-04-08,0.684,0.24
2022-04-11,0.688,0.24
2022-04-11,0.688,0.236
2022-04-11,0.688,0.232
2022-04-12,0.688,0.228
2022-04-12,0.688,0.224
2022-04-12,0.688,0.22
2022-04-13,0.688,0.216
2022-04-13,0.688,0.212
2022-04-13,0.688,0.208
2022-04-14,0.688,0.204
2022-04-14,0.684,0.204
2022-04-14,0.68,0.204
2022-04-15,0.676,0.204
2022-04-15,0.672,0.204
2022-04-18,0.668,0.204
2022-04-18,0.668,0.2
2022-04-18,0.664,0.2
2022-04-19,0.668,0.196
2022-04-19,0.668,0.2
2022-04-19,0.664,0.2
2022-04-20,0.664,0.196
2022-04-20,0.66,0.196
2022-04-20,0.66,0.192
2022-04-21,0.66,0.192
2022-04-21,0.66,0.188
2022-04-21,0.66,0.188
2022-04-22,0.66,0.192
2022-04-22,0.66,0.192
2022-04-22,0.66,0.188
2022-04-25,0.66,0.188
2022-04-25,0.656,0.192
2022-04-25,0.656,0.196
2022-04-26,0.652,0.2
2022-04-26,0.652,0.2
2022-04-26,0.652,0.204
2022-04-27,0.656,0.204
2022-04-27,0.656,0.208
2022-04-27,0.656,0.212
2022-04-28,0.66,0.212
2022-04-28,0.66,0.216
2022-04-28,0.66,0.22
2022-04-29,0.66,0.224
2022-04-29,0.66,0.228
2022-04-29,0.664,0.228
2022-05-02,0.668,0.228
2022-05-02,0.672,0.228
2022-05-02,0.672,0.232
2022-05-03,0.672,0.236
2022-05-03,0.676,0.236
2022-05-03,0.68,0.236
2022-05-04,0.68,0.24
2022-05-04,0.684,0.24
2022-05-04,0.688,0.24
2022-05-05,0.692,0.24
2022-05-06,0.696,0.24
2022-05-06,0.696,0.244
2022-05-06,0.7,0.244
2022-05-09,0.7,0.248
2022-05-10,0.704,0.248
2022-05-10,0.708,0.248
2022-05-10,0.712,0.248
2022-05-11,0.716,0.248
2022-05-11,0.716,0.252
2022-05-11,0.716,0.252
2022-05-12,0.716,0.252
2022-05-12,0.716,0.252
2022-05-12,0.716,0.252
2022-05-13,0.716,0.252
2022-05-13,0.712,0.252
2022-05-13,0.708,0.248
2022-05-16,0.708,0.248
2022-05-16,0.704,0.244
2022-05-16,0.704,0.244
2022-05-17,0.704,0.244
2022-05-17,0.7,0.24
2022-05-17,0.7,0.24
2022-05-18,0.7,0.24
2022-05-18,0.7,0.24
2022-05-18,0.696,0.24
2022-05-19,0.692,0.24
2022-05-19,0.692,0.236
2022-05-19,0.688,0.236
2022-05-20,0.688,0.232
2022-05-20,0.684,0.232
2022-05-20,0.68,0.232
2022-05-23,0.68,0.228
2022-05-23,0.68,0.224
2022-05-23,0.68,0.22
2022-05-24,0.68,0.216
2022-05-24,0.676,0.216
2022-05-24,0.676,0.212
2022-05-25,0.676,0.208
2022-05-25,0.672,0.208
2022-05-25,0.672,0.204
2022-05-26,0.672,0.2
2022-05-26,0.668,0.2
2022-05-26,0.668,0.196
2022-05-27,0.664,0.196
2022-05-27,0.664,0.192
2022-05-27,0.66,0.192
2022-05-30,0.66,0.188
2022-05-30,0.66,0.184
2022-05-31,0.66,0.18
2022-05-31,0.656,0.18
2022-05-31,0.656,0.176
2022-06-01,0.656,0.172
2022-06-02,0.656,0.168
2022-06-02,0.656,0.164
2022-06-02,0.652,0.164
2022-06-03,0.652,0.16
2022-06-03,0.652,0.156
2022-06-03,0.652,0.152
2022-06-06,0.652,0.148
2022-06-07,0.652,0.144
2022-06-07,0.648,0.144
2022-06-07,0.648,0.14
2022-06-08,0.648,0.136
2022-06-08,0.644,0.136
2022-06-08,0.64,0.136
2022-06-09,0.636,0.136
2022-06-09,0.632,0.136
2022-06-09,0.628,0.136
2022-06-10,0.624,0.136
2022-06-10,0.62,0.136
2022-06-10,0.616,0.136
2022-06-13,0.616,0.136
2022-06-13,0.612,0.136
2022-06-13,0.608,0.136
2022-06-14,0.604,0.136
2022-06-14,0.604,0.136
2022-06-14,0.6,0.14
2022-06-15,0.6,0.14
2022-06-15,0.6,0.14
2022-06-15,0.596,0.144
2022-06-16,0.592,0.148
2022-06-16,0.588,0.148
2022-06-16,0.588,0.148
2022-06-17,0.584,0.152
2022-06-17,0.58,0.156
2022-06-17,0.576,0.16
2022-06-20,0.572,0.164
2022-06-20,0.568,0.168
2022-06-21,0.564,0.172
2022-06-21,0.56,0.176
2022-06-21,0.556,0.18
2022-06-22,0.552,0.184
2022-06-22,0.548,0.188
2022-06-22,0.544,0.192
2022-06-23,0.54,0.196
2022-06-23,0.536,0.2
2022-06-23,0.532,0.204
2022-06-24,0.528,0.208
2022-06-24,0.524,0.212
2022-06-24,0.52,0.216
2022-06-27,0.52,0.22
2022-06-27,0.516,0.224
2022-06-27,0.516,0.228
2022-06-28,0.516,0.232
2022-06-28,0.516,0.236
2022-06-28,0.512,0.24
2022-06-29,0.508,0.244
2022-06-29,0.504,0.248
2022-06-29,0.5,0.252
2022-06-30,0.496,0.256
2022-06-30,0.492,0.26
2022-06-30,0.488,0.264
2022-07-01,0.484,0.268
2022-07-01,0.48,0.272
2022-07-01,0.476,0.276
2022-07-04,0.472,0.28
2022-07-04,0.468,0.284
2022-07-05,0.464,0.288
2022-07-05,0.46,0.292
2022-07-05,0.456,0.296
2022-07-06,0.452,0.3
2022-07-06,0.448,0.304
2022-07-06,0.444,0.308
2022-07-07,0.44,0.312
2022-07-07,0.44,0.312
2022-07-07,0.44,0.312
2022-07-08,0.44,0.316
2022-07-08,0.44,0.32
2022-07-08,0.44,0.324
2022-07-11,0.436,0.328
2022-07-11,0.432,0.332
2022-07-11,0.428,0.336
2022-07-12,0.424,0.34
2022-07-12,0.42,0.344
2022-07-12,0.42,0.344
2022-07-13,0.416,0.348
2022-07-13,0.412,0.352
2022-07-13,0.416,0.348
2022-07-14,0.412,0.352
2022-07-14,0.412,0.352
2022-07-14,0.408,0.356
2022-07-15,0.404,0.36
2022-07-15,0.404,0.36
2022-07-15,0.404,0.36
2022-07-18,0.4,0.364
2022-07-18,0.4,0.364
2022-07-18,0.4,0.364
2022-07-19,0.396,0.368
2022-07-19,0.396,0.368
2022-07-19,0.396,0.368
2022-07-20,0.396,0.368
2022-07-20,0.396,0.368
2022-07-20,0.392,0.372
2022-07-21,0.392,0.372
2022-07-21,0.388,0.376
2022-07-21,0.388,0.376
2022-07-22,0.388,0.376
2022-07-22,0.388,0.376
2022-07-22,0.388,0.376
2022-07-25,0.388,0.376
2022-07-25,0.388,0.376
2022-07-25,0.388,0.376
2022-07-26,0.388,0.376
2022-07-26,0.388,0.376
2022-07-26,0.388,0.376
2022-07-27,0.388,0.376
2022-07-27,0.388,0.376
2022-07-27,0.388,0.376
2022-07-28,0.388,0.376
2022-07-28,0.388,0.376
2022-07-28,0.388,0.376
2022-07-29,0.388,0.376
2022-07-29,0.388,0.376
2022-07-29,0.388,0.376
2022-08-01,0.388,0.376
2022-08-01,0.388,0.376
2022-08-01,0.388,0.376
2022-08-02,0.388,0.376
2022-08-02,0.388,0.376
2022-08-02,0.388,0.376
2022-08-03,0.388,0.376
2022-08-03,0.388,0.376
2022-08-03,0.388,0.376
2022-08-04,0.388,0.376
2022-08-04,0.388,0.376
2022-08-04,0.388,0.376
2022-08-05,0.392,0.372
2022-08-05,0.392,0.372
2022-08-05,0.392,0.372
2022-08-08,0.392,0.372
2022-08-08,0.392,0.372
2022-08-08,0.392,0.372
2022-08-09,0.392,0.372
2022-08-09,0.392,0.372
2022-08-09,0.392,0.372
2022-08-10,0.392,0.372
2022-08-10,0.392,0.372
2022-08-10,0.392,0.372
2022-08-11,0.392,0.372
2022-08-11,0.392,0.372
2022-08-11,0.388,0.376
2022-08-12,0.388,0.376
2022-08-12,0.388,0.376
2022-08-12,0.388,0.376
2022-08-15,0.388,0.376
2022-08-16,0.388,0.376
2022-08-16,0.392,0.372
2022-08-16,0.396,0.368
2022-08-17,0.4,0.364
2022-08-17,0.404,0.36
2022-08-17,0.408,0.356
2022-08-18,0.408,0.356
2022-08-18,0.412,0.352
2022-08-18,0.412,0.352
2022-08-19,0.416,0.348
2022-08-19,0.42,0.344
2022-08-19,0.42,0.344
2022-08-22,0.424,0.34
2022-08-22,0.424,0.34
2022-08-22,0.428,0.336
2022-08-23,0.428,0.336
2022-08-23,0.432,0.332
2022-08-23,0.436,0.328
2022-08-24,0.44,0.324
2022-08-24,0.44,0.324
2022-08-24,0.44,0.324
2022-08-25,0.444,0.32
2022-08-25,0.448,0.316
2022-08-25,0.452,0.312
2022-08-26,0.452,0.312
2022-08-26,0.456,0.308
2022-08-26,0.456,0.308
2022-08-29,0.46,0.304
2022-08-29,0.464,0.3
2022-08-29,0.464,0.3
2022-08-30,0.468,0.296
2022-08-30,0.472,0.292
2022-08-30,0.476,0.288
2022-08-31,0.48,0.284
2022-08-31,0.48,0.284
2022-08-31,0.48,0.284
2022-09-01,0.48,0.284
2022-09-01,0.484,0.28
2022-09-01,0.488,0.276
2022-09-02,0.488,0.276
2022-09-02,0.488,0.276
2022-09-02,0.492,0.272
2022-09-05,0.492,0.272
2022-09-05,0.492,0.272
2022-09-06,0.492,0.272
2022-09-06,0.492,0.272
2022-09-06,0.492,0.272
2022-09-07,0.492,0.272
2022-09-07,0.492,0.272
2022-09-07,0.488,0.276
2022-09-08,0.488,0.276
2022-09-08,0.488,0.276
2022-09-08,0.484,0.28
2022-09-09,0.488,0.276
2022-09-12,0.488,0.276
2022-09-13,0.492,0.276
2022-09-13,0.496,0.276
2022-09-13,0.496,0.28
2022-09-14,0.496,0.284
2022-09-14,0.5,0.284
2022-09-14,0.5,0.288
2022-09-15,0.5,0.292
2022-09-15,0.5,0.296
2022-09-15,0.5,0.3
2022-09-16,0.5,0.304
2022-09-16,0.5,0.308
2022-09-16,0.5,0.312
2022-09-19,0.5,0.316
2022-09-19,0.504,0.316
2022-09-19,0.504,0.32
2022-09-20,0.504,0.324
2022-09-20,0.504,0.328
2022-09-20,0.504,0.332
2022-09-21,0.504,0.336
2022-09-21,0.504,0.34
2022-09-21,0.504,0.344
2022-09-22,0.504,0.348
2022-09-22,0.504,0.352
2022-09-22,0.504,0.356
2022-09-23,0.504,0.36
2022-09-23,0.504,0.364
2022-09-23,0.504,0.368
2022-09-26,0.504,0.372
2022-09-26,0.504,0.376
2022-09-26,0.504,0.38
2022-09-27,0.504,0.384
2022-09-27,0.504,0.388
2022-09-27,0.504,0.392
2022-09-28,0.504,0.396
2022-09-28,0.504,0.4
2022-09-28,0.504,0.404
2022-09-29,0.504,0.408
2022-09-29,0.504,0.412
2022-09-29,0.504,0.416
2022-09-30,0.504,0.42
2022-09-30,0.504,0.424
2022-09-30,0.508,0.424
2022-10-03,0.508,0.428
2022-10-04,0.508,0.432
2022-10-04,0.508,0.436
2022-10-04,0.512,0.436
2022-10-05,0.516,0.436
2022-10-05,0.516,0.44
2022-10-05,0.52,0.44
2022-10-06,0.524,0.44
2022-10-06,0.524,0.444
2022-10-06,0.528,0.444
2022-10-07,0.528,0.448
2022-10-07,0.532,0.448
2022-10-07,0.532,0.452
2022-10-10,0.532,0.456
2022-10-11,0.536,0.456
2022-10-11,0.536,0.46
2022-10-11,0.536,0.464
2022-10-12,0.536,0.468
2022-10-12,0.536,0.472
2022-10-12,0.536,0.472
2022-10-13,0.536,0.476
2022-10-13,0.536,0.48
2022-10-13,0.54,0.48
2022-10-14,0.536,0.484
2022-10-14,0.54,0.48
2022-10-14,0.536,0.484
2022-10-17,0.532,0.488
2022-10-17,0.536,0.484
2022-10-17,0.536,0.484
2022-10-18,0.54,0.484
2022-10-18,0.536,0.488
2022-10-18,0.536,0.488
2022-10-19,0.536,0.488
2022-10-19,0.536,0.488
2022-10-19,0.536,0.488
2022-10-20,0.54,0.484
2022-10-20,0.54,0.484
2022-10-20,0.54,0.484
2022-10-21,0.54,0.484
2022-10-21,0.54,0.484
2022-10-21,0.544,0.48
2022-10-24,0.544,0.48
2022-10-24,0.548,0.476
2022-10-24,0.548,0.476
2022-10-25,0.548,0.476
2022-10-25,0.548,0.476
2022-10-25,0.552,0.472
2022-10-26,0.552,0.472
2022-10-26,0.552,0.468
2022-10-26,0.552,0.468
2022-10-27,0.552,0.468
2022-10-27,0.548,0.468
2022-10-27,0.548,0.464
2022-10-28,0.548,0.464
2022-10-28,0.548,0.464
2022-10-28,0.548,0.464
2022-10-31,0.548,0.464
2022-10-31,0.548,0.464
2022-10-31,0.548,0.464
2022-11-01,0.548,0.464
2022-11-01,0.552,0.46
2022-11-01,0.552,0.46
2022-11-02,0.552,0.46
2022-11-02,0.552,0.46
2022-11-02,0.552,0.46
2022-11-03,0.552,0.46
2022-11-03,0.552,0.46
2022-11-03,0.556,0.456
2022-11-04,0.56,0.452
2022-11-04,0.56,0.452
2022-11-04,0.564,0.448
2022-11-07,0.568,0.444
2022-11-07,0.572,0.44
2022-11-07,0.576,0.436
2022-11-08,0.576,0.432
2022-11-08,0.576,0.428
2022-11-08,0.576,0.424
2022-11-09,0.58,0.42
2022-11-09,0.584,0.416
2022-11-09,0.588,0.412
2022-11-10,0.592,0.408
2022-11-10,0.596,0.404
2022-11-10,0.6,0.4
2022-11-11,0.604,0.396
2022-11-11,0.608,0.392
2022-11-11,0.608,0.392
2022-11-14,0.612,0.388
2022-11-14,0.612,0.388
2022-11-14,0.616,0.384
2022-11-15,0.62,0.38
2022-11-15,0.62,0.38
2022-11-15,0.62,0.38
2022-11-16,0.624,0.376
2022-11-16,0.624,0.376
2022-11-16,0.624,0.376
2022-11-17,0.628,0.372
2022-11-17,0.628,0.372
2022-11-17,0.628,0.372
2022-11-18,0.628,0.372
2022-11-18,0.628,0.372
2022-11-18,0.632,0.368
2022-11-21,0.632,0.368
2022-11-21,0.636,0.364
2022-11-21,0.636,0.364
2022-11-22,0.636,0.364
2022-11-22,0.636,0.364
2022-11-22,0.636,0.364
2022-11-23,0.636,0.364
2022-11-23,0.636,0.364
2022-11-23,0.636,0.364
2022-11-24,0.636,0.364
2022-11-24,0.636,0.364
2022-11-25,0.636,0.364
2022-11-25,0.636,0.364
2022-11-25,0.636,0.364
2022-11-28,0.636,0.364
2022-11-28,0.636,0.364
2022-11-28,0.636,0.364
2022-11-29,0.636,0.364
2022-11-29,0.636,0.364
2022-11-29,0.636,0.364
2022-11-30,0.636,0.364
2022-11-30,0.636,0.364
2022-11-30,0.636,0.364
2022-12-01,0.636,0.364
2022-12-01,0.636,0.364
2022-12-01,0.636,0.364
2022-12-02,0.636,0.364
2022-12-02,0.636,0.364
2022-12-02,0.636,0.364
2022-12-05,0.632,0.368
2022-12-05,0.632,0.368
2022-12-05,0.632,0.368
2022-12-06,0.632,0.368
2022-12-06,0.628,0.372
2022-12-06,0.624,0.376
2022-12-07,0.62,0.38
2022-12-07,0.616,0.384
2022-12-07,0.616,0.384
2022-12-08,0.612,0.388
2022-12-08,0.608,0.392
2022-12-08,0.604,0.396
2022-12-09,0.6,0.4
2022-12-09,0.596,0.404
2022-12-09,0.592,0.408
2022-12-12,0.588,0.412
2022-12-12,0.584,0.416
2022-12-12,0.58,0.42
2022-12-13,0.58,0.42
2022-12-13,0.576,0.424
2022-12-13,0.572,0.428
2022-12-14,0.568,0.432
2022-12-14,0.564,0.436
2022-12-14,0.56,0.44
2022-12-15,0.556,0.444
2022-12-15,0.552,0.448
2022-12-15,0.548,0.452
2022-12-16,0.544,0.456
2022-12-16,0.54,0.46
2022-12-16,0.536,0.464
2022-12-19,0.532,0.468
2022-12-19,0.528,0.472
2022-12-19,0.524,0.476
2022-12-20,0.52,0.48
2022-12-20,0.516,0.484
2022-12-20,0.512,0.488
2022-12-21,0.508,0.492
2022-12-21,0.504,0.496
2022-12-21,0.5,0.5
2022-12-22,0.496,0.504
2022-12-22,0.492,0.508
2022-12-22,0.488,0.512
2022-12-23,0.484,0.516
2022-12-23,0.48,0.52
2022-12-23,0.476,0.524
2022-12-26,0.472,0.528
2022-12-26,0.468,0.532
2022-12-27,0.464,0.536
2022-12-27,0.46,0.54
2022-12-27,0.456,0.544
2022-12-28,0.456,0.548
2022-12-28,0.452,0.552
2022-12-28,0.448,0.556
2022-12-29,0.444,0.56
2022-12-29,0.44,0.564
2022-12-29,0.436,0.568
2022-12-30,0.432,0.572
2023-01-02,0.428,0.576
2023-01-02,0.424,0.58
2023-01-03,0.42,0.584
2023-01-03,0.416,0.588
2023-01-03,0.412,0.592
2023-01-04,0.408,0.596
2023-01-04,0.404,0.6
2023-01-04,0.4,0.604
2023-01-05,0.396,0.608
2023-01-05,0.392,0.612
2023-01-05,0.388,0.616
2023-01-06,0.384,0.62
2023-01-06,0.384,0.62
2023-01-06,0.38,0.624
2023-01-09,0.38,0.624
2023-01-09,0.38,0.624
2023-01-09,0.376,0.628
2023-01-10,0.372,0.632
2023-01-10,0.372,0.632
2023-01-10,0.368,0.636
2023-01-11,0.364,0.64
2023-01-11,0.36,0.644
2023-01-11,0.356,0.648
2023-01-12,0.356,0.648
2023-01-12,0.356,0.648
2023-01-12,0.352,0.652
2023-01-13,0.352,0.652
2023-01-13,0.352,0.652
2023-01-13,0.352,0.652
2023-01-16,0.352,0.652
2023-01-16,0.352,0.652
2023-01-17,0.352,0.652
2023-01-17,0.352,0.652
2023-01-17,0.352,0.652
2023-01-18,0.348,0.656
2023-01-18,0.348,0.656
2023-01-18,0.348,0.656
2023-01-19,0.348,0.656
2023-01-19,0.348,0.656
2023-01-19,0.348,0.656
2023-01-20,0.352,0.652
2023-01-20,0.352,0.652
2023-01-20,0.356,0.648
2023-01-23,0.36,0.644
2023-01-24,0.364,0.64
2023-01-25,0.368,0.636
2023-01-25,0.372,0.632
2023-01-25,0.376,0.628
2023-01-26,0.38,0.624
2023-01-26,0.38,0.624
2023-01-26,0.384,0.62
2023-01-27,0.388,0.616
2023-01-27,0.392,0.612
2023-01-27,0.396,0.608
2023-01-30,0.4,0.604
2023-01-30,0.404,0.6
2023-01-30,0.408,0.596
2023-01-31,0.412,0.592
2023-01-31,0.416,0.588
2023-01-31,0.42,0.584
2023-02-01,0.424,0.58
2023-02-01,0.428,0.576
2023-02-01,0.428,0.576
2023-02-02,0.432,0.572
2023-02-02,0.436,0.568
2023-02-02,0.44,0.564
2023-02-03,0.44,0.564
2023-02-03,0.44,0.564
2023-02-03,0.444,0.56
2023-02-06,0.444,0.56
2023-02-06,0.44,0.564
2023-02-06,0.444,0.56
2023-02-07,0.444,0.56
2023-02-07,0.448,0.556
2023-02-07,0.448,0.556
2023-02-08,0.452,0.552
2023-02-08,0.456,0.548
2023-02-08,0.456,0.548
2023-02-09,0.46,0.544
2023-02-09,0.464,0.54
2023-02-09,0.468,0.536
2023-02-10,0.472,0.532
2023-02-10,0.472,0.532
2023-02-10,0.476,0.528
2023-02-13,0.48,0.524
2023-02-13,0.48,0.524
2023-02-13,0.484,0.52
2023-02-14,0.484,0.52
2023-02-14,0.488,0.516
2023-02-14,0.492,0.512
2023-02-15,0.492,0.512
2023-02-15,0.496,0.508
2023-02-15,0.496,0.508
2023-02-16,0.5,0.504
2023-02-16,0.504,0.5
2023-02-16,0.508,0.496
2023-02-17,0.512,0.492
2023-02-17,0.516,0.488
2023-02-17,0.516,0.488
2023-02-20,0.52,0.484
2023-02-20,0.524,0.48
2023-02-21,0.524,0.48
2023-02-21,0.528,0.476
2023-02-21,0.528,0.476
2023-02-22,0.532,0.472
2023-02-22,0.528,0.476
2023-02-22,0.532,0.472
2023-02-23,0.536,0.468
2023-02-23,0.536,0.468
2023-02-23,0.532,0.472
2023-02-24,0.536,0.468
2023-02-24,0.532,0.472
2023-02-24,0.532,0.472
2023-02-27,0.532,0.472
2023-02-27,0.536,0.468
2023-02-27,0.532,0.472
2023-02-28,0.536,0.468
2023-02-28,0.536,0.468
2023-02-28,0.536,0.468
2023-03-01,0.536,0.468
2023-03-02,0.536,0.468
2023-03-02,0.536,0.468
2023-03-02,0.536,0.468
2023-03-03,0.532,0.472
2023-03-03,0.532,0.472
2023-03-03,0.532,0.472
2023-03-06,0.532,0.472
2023-03-06,0.536,0.468
2023-03-06,0.536,0.468
2023-03-07,0.536,0.468
2023-03-07,0.536,0.468
2023-03-07,0.532,0.472
2023-03-08,0.532,0.472
2023-03-08,0.528,0.476
2023-03-08,0.528,0.476
2023-03-09,0.524,0.48
2023-03-09,0.52,0.484
2023-03-09,0.516,0.488
2023-03-10,0.512,0.492
2023-03-10,0.512,0.496
2023-03-10,0.508,0.5
2023-03-13,0.504,0.504
2023-03-13,0.5,0.508
2023-03-13,0.5,0.512
2023-03-14,0.5,0.516
2023-03-14,0.5,0.52
2023-03-14,0.5,0.524
2023-03-15,0.5,0.528
2023-03-15,0.496,0.532
2023-03-15,0.492,0.536
2023-03-16,0.488,0.54
2023-03-16,0.488,0.544
2023-03-16,0.484,0.548
2023-03-17,0.48,0.552
2023-03-17,0.476,0.556
2023-03-17,0.472,0.56
2023-03-20,0.468,0.564
2023-03-20,0.464,0.568
2023-03-20,0.46,0.572
2023-03-21,0.456,0.576
2023-03-21,0.452,0.58
2023-03-21,0.448,0.584
2023-03-22,0.444,0.588
2023-03-22,0.44,0.592
2023-03-22,0.436,0.596
2023-03-23,0.436,0.596
2023-03-23,0.432,0.6
2023-03-23,0.428,0.604
2023-03-24,0.428,0.604
2023-03-24,0.424,0.608
2023-03-24,0.42,0.612
2023-03-27,0.416,0.616
2023-03-27,0.416,0.616
2023-03-27,0.412,0.62
2023-03-28,0.408,0.624
2023-03-28,0.408,0.624
2023-03-28,0.404,0.628
2023-03-29,0.4,0.632
2023-03-29,0.4,0.632
2023-03-29,0.4,0.632
2023-03-30,0.396,0.636
2023-03-30,0.396,0.636
2023-03-30,0.392,0.64
2023-03-31,0.388,0.644
2023-03-31,0.384,0.648
2023-03-31,0.384,0.648
2023-04-03,0.38,0.652
2023-04-03,0.376,0.656
2023-04-03,0.372,0.66
2023-04-04,0.368,0.664
2023-04-04,0.364,0.668
2023-04-04,0.36,0.672
2023-04-05,0.356,0.676
2023-04-05,0.356,0.676
2023-04-05,0.352,0.68
2023-04-06,0.348,0.684
2023-04-06,0.344,0.688
2023-04-06,0.344,0.688
2023-04-07,0.344,0.688
2023-04-07,0.348,0.684
2023-04-10,0.352,0.68
2023-04-10,0.352,0.68
2023-04-10,0.356,0.676
2023-04-11,0.36,0.672
2023-04-11,0.364,0.668
2023-04-11,0.368,0.664
2023-04-12,0.372,0.66
2023-04-12,0.376,0.656
2023-04-12,0.38,0.652
2023-04-13,0.384,0.648
2023-04-13,0.388,0.644
2023-04-13,0.392,0.64
2023-04-14,0.392,0.64
2023-04-14,0.396,0.636
2023-04-14,0.396,0.636
2023-04-17,0.396,0.636
2023-04-17,0.4,0.632
2023-04-17,0.4,0.632
2023-04-18,0.4,0.632
2023-04-18,0.4,0.632
2023-04-18,0.4,0.632
2023-04-19,0.4,0.632
2023-04-19,0.4,0.632
2023-04-19,0.4,0.632
2023-04-20,0.4,0.632
2023-04-20,0.4,0.632
2023-04-20,0.4,0.632
2023-04-21,0.4,0.632
2023-04-21,0.4,0.632
2023-04-21,0.4,0.632
2023-04-24,0.4,0.632
2023-04-24,0.4,0.632
2023-04-24,0.4,0.632
2023-04-25,0.4,0.632
2023-04-25,0.4,0.632
2023-04-25,0.4,0.632
2023-04-26,0.4,0.632
2023-04-26,0.4,0.632
2023-04-26,0.4,0.632
2023-04-27,0.4,0.632
2023-04-27,0.4,0.632
2023-04-27,0.4,0.632
2023-04-28,0.4,0.632
2023-04-28,0.396,0.632
2023-04-28,0.396,0.632
2023-05-01,0.396,0.632
2023-05-02,0.396,0.632
2023-05-02,0.396,0.632
2023-05-02,0.4,0.632
2023-05-03,0.4,0.632
2023-05-03,0.404,0.632
2023-05-03,0.404,0.632
2023-05-04,0.408,0.632
2023-05-04,0.408,0.632
2023-05-04,0.412,0.632
2023-05-05,0.412,0.632
2023-05-08,0.412,0.632
2023-05-08,0.416,0.632
2023-05-08,0.416,0.632
2023-05-09,0.416,0.632
2023-05-09,0.42,0.632
2023-05-09,0.42,0.632
2023-05-10,0.42,0.632
2023-05-10,0.424,0.632
2023-05-10,0.428,0.632
2023-05-11,0.432,0.632
2023-05-11,0.436,0.632
2023-05-11,0.44,0.632
2023-05-12,0.444,0.632
2023-05-12,0.448,0.632
2023-05-12,0.452,0.632
2023-05-15,0.456,0.632
2023-05-15,0.456,0.632
2023-05-15,0.46,0.632
2023-05-16,0.464,0.632
2023-05-16,0.468,0.632
2023-05-16,0.472,0.632
2023-05-17,0.472,0.632
2023-05-17,0.476,0.632
2023-05-17,0.48,0.632
2023-05-18,0.48,0.632
2023-05-18,0.484,0.632
2023-05-18,0.488,0.632
2023-05-19,0.488,0.632
2023-05-19,0.488,0.632
2023-05-19,0.488,0.632
2023-05-22,0.488,0.632
2023-05-22,0.488,0.632
2023-05-22,0.492,0.628
2023-05-23,0.492,0.628
2023-05-23,0.488,0.632
2023-05-23,0.488,0.632
2023-05-24,0.488,0.632
2023-05-24,0.484,0.636
2023-05-24,0.48,0.64
2023-05-25,0.476,0.644
2023-05-25,0.476,0.644
2023-05-25,0.472,0.648
2023-05-26,0.472,0.648
2023-05-26,0.476,0.644
2023-05-26,0.472,0.648
2023-05-30,0.468,0.652
2023-05-30,0.468,0.652
2023-05-30,0.464,0.656
2023-05-31,0.464,0.656
2023-05-31,0.46,0.66
2023-05-31,0.456,0.664
2023-06-01,0.452,0.668
2023-06-01,0.448,0.672
2023-06-01,0.448,0.672
2023-06-02,0.444,0.676
2023-06-02,0.44,0.68
2023-06-02,0.44,0.68
2023-06-05,0.436,0.684
2023-06-05,0.436,0.684
2023-06-05,0.432,0.688
2023-06-06,0.432,0.688
2023-06-07,0.432,0.688
2023-06-07,0.428,0.692
2023-06-07,0.424,0.696
2023-06-08,0.424,0.696
2023-06-08,0.424,0.696
2023-06-08,0.42,0.7
2023-06-09,0.42,0.7
2023-06-09,0.42,0.7
2023-06-09,0.42,0.7
2023-06-12,0.42,0.7
2023-06-12,0.42,0.7
2023-06-12,0.42,0.7
2023-06-13,0.42,0.7
2023-06-13,0.42,0.7
2023-06-13,0.42,0.7
2023-06-14,0.42,0.7
2023-06-14,0.416,0.704
2023-06-14,0.416,0.704
2023-06-15,0.416,0.704
2023-06-15,0.412,0.708
2023-06-15,0.412,0.708
2023-06-16,0.408,0.712
2023-06-16,0.404,0.716
2023-06-16,0.404,0.716
2023-06-19,0.4,0.72
2023-06-19,0.396,0.724
2023-06-20,0.396,0.724
2023-06-20,0.392,0.728
2023-06-20,0.388,0.732
2023-06-21,0.388,0.732
2023-06-21,0.384,0.736
2023-06-21,0.38,0.74
2023-06-22,0.376,0.744
2023-06-22,0.372,0.748
2023-06-22,0.376,0.744
2023-06-23,0.372,0.748
2023-06-23,0.372,0.748
2023-06-23,0.372,0.748
2023-06-26,0.376,0.744
2023-06-26,0.372,0.748
2023-06-26,0.368,0.752
2023-06-27,0.372,0.748
2023-06-27,0.372,0.748
2023-06-27,0.372,0.748
2023-06-28,0.372,0.748
2023-06-28,0.376,0.744
2023-06-28,0.38,0.74
2023-06-29,0.38,0.744
2023-06-29,0.38,0.74
2023-06-29,0.38,0.744
2023-06-30,0.38,0.74
2023-06-30,0.384,0.74
2023-06-30,0.388,0.74
2023-07-03,0.392,0.74
2023-07-03,0.396,0.74
2023-07-03,0.396,0.736
2023-07-04,0.396,0.732
2023-07-04,0.4,0.732
2023-07-05,0.404,0.732
2023-07-05,0.404,0.728
2023-07-05,0.404,0.732
2023-07-06,0.408,0.732
2023-07-06,0.408,0.728
2023-07-06,0.408,0.732
2023-07-07,0.408,0.728
2023-07-07,0.412,0.728
2023-07-07,0.416,0.728
2023-07-10,0.412,0.728
2023-07-10,0.416,0.728
2023-07-10,0.42,0.728
2023-07-11,0.424,0.728
2023-07-11,0.428,0.728
2023-07-11,0.424,0.724
2023-07-12,0.428,0.724
2023-07-12,0.428,0.72
2023-07-12,0.432,0.72
2023-07-13,0.432,0.72
2023-07-13,0.432,0.72
2023-07-13,0.428,0.716
2023-07-14,0.428,0.716
2023-07-14,0.424,0.712
2023-07-14,0.424,0.708
2023-07-17,0.428,0.708
2023-07-17,0.428,0.704
2023-07-17,0.424,0.7
2023-07-18,0.424,0.696
2023-07-18,0.424,0.692
2023-07-18,0.424,0.688
2023-07-19,0.424,0.684
2023-07-19,0.424,0.68
2023-07-19,0.424,0.676
2023-07-20,0.424,0.672
2023-07-20,0.424,0.668
2023-07-20,0.428,0.668
2023-07-21,0.428,0.664
2023-07-21,0.432,0.664
2023-07-21,0.432,0.66
2023-07-24,0.436,0.66
2023-07-24,0.432,0.66
2023-07-24,0.432,0.656
2023-07-25,0.432,0.652
2023-07-25,0.428,0.652
2023-07-25,0.428,0.648
2023-07-26,0.428,0.644
2023-07-26,0.432,0.644
2023-07-26,0.428,0.644
2023-07-27,0.428,0.64
2023-07-27,0.428,0.636
2023-07-27,0.424,0.636
2023-07-28,0.424,0.632
2023-07-28,0.424,0.628
2023-07-28,0.42,0.628
2023-07-31,0.416,0.628
2023-07-31,0.416,0.624
2023-07-31,0.412,0.624
2023-08-01,0.412,0.62
2023-08-01,0.412,0.616
2023-08-01,0.412,0.612
2023-08-02,0.408,0.612
2023-08-02,0.412,0.612
2023-08-02,0.416,0.612
2023-08-03,0.42,0.612
2023-08-03,0.424,0.612
2023-08-03,0.428,0.612
2023-08-04,0.428,0.608
2023-08-04,0.432,0.608
2023-08-04,0.436,0.608
2023-08-07,0.436,0.604
2023-08-07,0.44,0.604
2023-08-07,0.444,0.604
2023-08-08,0.444,0.6
2023-08-08,0.448,0.6
2023-08-08,0.448,0.604
2023-08-09,0.448,0.608
2023-08-09,0.448,0.612
2023-08-09,0.448,0.616
2023-08-10,0.444,0.616
2023-08-10,0.444,0.62
2023-08-10,0.444,0.624
2023-08-11,0.444,0.628
2023-08-11,0.444,0.632
2023-08-11,0.444,0.636
2023-08-14,0.444,0.64
2023-08-14,0.44,0.64
2023-08-14,0.44,0.644
2023-08-15,0.444,0.644
2023-08-16,0.444,0.648
2023-08-16,0.448,0.648
2023-08-16,0.452,0.648
2023-08-17,0.452,0.652
2023-08-17,0.456,0.652
2023-08-17,0.46,0.652
2023-08-18,0.464,0.652
2023-08-18,0.468,0.652
2023-08-18,0.472,0.652
2023-08-21,0.476,0.652
2023-08-21,0.48,0.652
2023-08-21,0.48,0.648
2023-08-22,0.484,0.648
2023-08-22,0.488,0.648
2023-08-22,0.492,0.648
2023-08-23,0.492,0.644
2023-08-23,0.496,0.644
2023-08-23,0.5,0.644
2023-08-24,0.504,0.644
2023-08-24,0.504,0.64
2023-08-24,0.508,0.64
2023-08-25,0.512,0.64
2023-08-25,0.516,0.64
2023-08-25,0.52,0.64
2023-08-28,0.52,0.636
2023-08-28,0.524,0.636
2023-08-28,0.528,0.636
2023-08-29,0.532,0.636
2023-08-29,0.536,0.636
2023-08-29,0.536,0.632
2023-08-30,0.536,0.628
2023-08-30,0.536,0.624
2023-08-30,0.54,0.624
2023-08-31,0.54,0.62
2023-08-31,0.544,0.62
2023-08-31,0.54,0.616
2023-09-01,0.54,0.612
2023-09-01,0.54,0.612
2023-09-01,0.54,0.608
2023-09-04,0.54,0.608
2023-09-04,0.54,0.604
2023-09-05,0.54,0.604
2023-09-05,0.54,0.6
2023-09-05,0.54,0.596
2023-09-06,0.54,0.596
2023-09-06,0.54,0.592
2023-09-06,0.54,0.588
2023-09-07,0.536,0.584
2023-09-07,0.536,0.58
2023-09-07,0.54,0.58
2023-09-08,0.536,0.576
2023-09-08,0.536,0.576
2023-09-08,0.532,0.572
2023-09-11,0.528,0.568
2023-09-11,0.528,0.568
2023-09-11,0.524,0.564
2023-09-12,0.52,0.56
2023-09-12,0.52,0.56
2023-09-12,0.516,0.556
2023-09-13,0.52,0.556
2023-09-13,0.516,0.552
2023-09-13,0.512,0.548
2023-09-14,0.508,0.544
2023-09-14,0.504,0.54
2023-09-14,0.508,0.54
2023-09-15,0.504,0.536
2023-09-15,0.5,0.532
2023-09-15,0.504,0.532
2023-09-18,0.5,0.528
2023-09-18,0.496,0.524
2023-09-18,0.5,0.524
2023-09-19,0.5,0.52
2023-09-19,0.504,0.52
2023-09-19,0.504,0.516
2023-09-20,0.504,0.512
2023-09-20,0.504,0.516
2023-09-20,0.508,0.516
2023-09-21,0.508,0.512
2023-09-21,0.512,0.512
2023-09-21,0.508,0.512
2023-09-22,0.508,0.508
2023-09-22,0.508,0.504
2023-09-22,0.512,0.504
2023-09-25,0.512,0.508
2023-09-25,0.512,0.504
2023-09-25,0.508,0.504
2023-09-26,0.504,0.504
2023-09-26,0.508,0.504
2023-09-26,0.512,0.504
2023-09-27,0.512,0.508
2023-09-27,0.516,0.508
2023-09-27,0.516,0.512
2023-09-28,0.516,0.508
2023-09-29,0.516,0.504
2023-10-02,0.516,0.5
2023-10-03,0.516,0.496
2023-10-04,0.516,0.5
2023-10-04,0.52,0.5
2023-10-04,0.524,0.5
2023-10-05,0.524,0.504
2023-10-05,0.528,0.504
2023-10-05,0.528,0.508
2023-10-06,0.532,0.508
2023-10-06,0.532,0.512
2023-10-06,0.532,0.516
2023-10-09,0.536,0.516
2023-10-10,0.54,0.516
2023-10-10,0.544,0.516
2023-10-10,0.544,0.52
2023-10-11,0.548,0.52
2023-10-11,0.548,0.524
2023-10-11,0.548,0.528
2023-10-12,0.548,0.532
2023-10-12,0.548,0.536
2023-10-12,0.548,0.54
2023-10-13,0.548,0.544
2023-10-13,0.548,0.548
2023-10-13,0.548,0.552
2023-10-16,0.548,0.556
2023-10-16,0.548,0.56
2023-10-16,0.552,0.56
2023-10-17,0.552,0.564
2023-10-17,0.552,0.568
2023-10-17,0.556,0.568
2023-10-18,0.556,0.572
2023-10-18,0.56,0.572
2023-10-18,0.564,0.572
2023-10-19,0.564,0.576
2023-10-19,0.568,0.576
2023-10-19,0.572,0.576
2023-10-20,0.572,0.58
2023-10-20,0.576,0.58
2023-10-20,0.58,0.58
2023-10-23,0.58,0.584
2023-10-23,0.584,0.584
2023-10-23,0.588,0.584
2023-10-24,0.592,0.584
2023-10-24,0.596,0.584
2023-10-24,0.596,0.588
2023-10-25,0.6,0.588
2023-10-25,0.6,0.592
2023-10-25,0.6,0.596
2023-10-26,0.6,0.6
2023-10-26,0.604,0.6
2023-10-26,0.608,0.6
2023-10-27,0.608,0.604
2023-10-27,0.612,0.604
2023-10-27,0.612,0.608
2023-10-30,0.616,0.608
2023-10-30,0.616,0.612
2023-10-30,0.616,0.616
2023-10-31,0.616,0.616
2023-10-31,0.62,0.62
2023-10-31,0.62,0.62
2023-11-01,0.624,0.624
2023-11-01,0.624,0.624
2023-11-01,0.624,0.624
2023-11-02,0.624,0.624
2023-11-02,0.624,0.624
2023-11-02,0.628,0.628
2023-11-03,0.632,0.632
2023-11-03,0.632,0.632
2023-11-03,0.632,0.632
2023-11-06,0.632,0.632
2023-11-06,0.632,0.632
2023-11-06,0.632,0.632
2023-11-07,0.632,0.632
2023-11-07,0.632,0.632
2023-11-07,0.632,0.632
2023-11-08,0.632,0.632
2023-11-08,0.628,0.628
2023-11-08,0.632,0.632
2023-11-09,0.632,0.632
2023-11-09,0.632,0.632
2023-11-09,0.628,0.628
2023-11-10,0.628,0.628
2023-11-10,0.632,0.632
2023-11-10,0.628,0.628
2023-11-13,0.632,0.632
2023-11-13,0.632,0.632
2023-11-13,0.628,0.628
2023-11-14,0.624,0.624
2023-11-14,0.628,0.628
2023-11-14,0.628,0.628
2023-11-15,0.632,0.632
2023-11-15,0.632,0.632
2023-11-15,0.632,0.632
2023-11-16,0.636,0.636
2023-11-16,0.64,0.64
2023-11-16,0.644,0.644
2023-11-17,0.648,0.648
2023-11-17,0.652,0.652
2023-11-17,0.656,0.656
2023-11-20,0.656,0.656
2023-11-20,0.66,0.66
2023-11-20,0.664,0.664
2023-11-21,0.668,0.668
2023-11-21,0.668,0.668
2023-11-21,0.672,0.672
2023-11-22,0.672,0.672
2023-11-22,0.676,0.676
2023-11-22,0.676,0.676
2023-11-23,0.68,0.68
2023-11-23,0.684,0.684
2023-11-24,0.688,0.688
2023-11-24,0.692,0.692
2023-11-24,0.696,0.696
2023-11-27,0.7,0.7
2023-11-27,0.7,0.7
2023-11-27,0.704,0.704
2023-11-28,0.708,0.708
2023-11-28,0.712,0.712
2023-11-28,0.716,0.716
2023-11-29,0.72,0.72
2023-11-29,0.724,0.724
2023-11-29,0.728,0.728
2023-11-30,0.732,0.732
2023-11-30,0.736,0.736
2023-11-30,0.74,0.74
2023-12-01,0.744,0.744
2023-12-01,0.748,0.748
2023-12-01,0.752,0.752
2023-12-04,0.756,0.756
2023-12-04,0.756,0.756
2023-12-04,0.756,0.756
2023-12-05,0.756,0.756
2023-12-05,0.756,0.756
2023-12-05,0.756,0.756
2023-12-06,0.76,0.76
2023-12-06,0.76,0.76
2023-12-06,0.76,0.76
2023-12-07,0.764,0.764
2023-12-07,0.764,0.764
2023-12-07,0.764,0.764
2023-12-08,0.768,0.768
2023-12-08,0.768,0.768
2023-12-08,0.768,0.768
2023-12-11,0.768,0.768
2023-12-11,0.768,0.768
2023-12-11,0.768,0.768
2023-12-12,0.772,0.772
2023-12-12,0.772,0.772
2023-12-12,0.772,0.772
2023-12-13,0.772,0.772
2023-12-13,0.772,0.772
2023-12-13,0.772,0.772
2023-12-14,0.768,0.768
2023-12-14,0.772,0.772
2023-12-14,0.768,0.768
2023-12-15,0.768,0.768
2023-12-15,0.764,0.764
2023-12-15,0.76,0.76
2023-12-18,0.756,0.756
2023-12-18,0.756,0.756
2023-12-18,0.752,0.752
2023-12-19,0.752,0.752
2023-12-19,0.752,0.752
2023-12-19,0.752,0.752
2023-12-20,0.752,0.752
2023-12-20,0.752,0.752
2023-12-20,0.752,0.752
2023-12-21,0.752,0.752
2023-12-21,0.752,0.752
2023-12-21,0.748,0.748
2023-12-22,0.744,0.744
2023-12-22,0.744,0.744
2023-12-22,0.744,0.744
2023-12-26,0.74,0.74
2023-12-26,0.74,0.74
2023-12-26,0.74,0.74
2023-12-27,0.736,0.736
2023-12-27,0.736,0.736
2023-12-27,0.732,0.732
2023-12-28,0.728,0.728
2023-12-28,0.728,0.728
2023-12-28,0.728,0.728
2023-12-29,0.728,0.728
2024-01-02,0.728,0.728
2024-01-02,0.724,0.724
2024-01-02,0.724,0.724
2024-01-03,0.728,0.728
2024-01-03,0.728,0.728
2024-01-03,0.724,0.724
2024-01-04,0.724,0.724
2024-01-04,0.724,0.724
2024-01-04,0.724,0.724
2024-01-05,0.724,0.724
2024-01-05,0.724,0.724
2024-01-05,0.724,0.724
2024-01-08,0.724,0.724
2024-01-08,0.724,0.724
2024-01-08,0.72,0.72
2024-01-09,0.724,0.724
2024-01-09,0.724,0.724
2024-01-09,0.724,0.724
2024-01-10,0.728,0.728
2024-01-10,0.732,0.732
2024-01-10,0.736,0.736
2024-01-11,0.74,0.74
2024-01-11,0.74,0.74
2024-01-11,0.744,0.744
2024-01-12,0.744,0.744
2024-01-12,0.748,0.748
2024-01-12,0.752,0.752
2024-01-15,0.752,0.752
2024-01-15,0.756,0.756
2024-01-16,0.756,0.756
2024-01-16,0.756,0.756
2024-01-16,0.76,0.76
2024-01-17,0.76,0.76
2024-01-17,0.76,0.76
2024-01-17,0.764,0.764
2024-01-18,0.768,0.768
2024-01-18,0.772,0.772
2024-01-18,0.768,0.768
2024-01-19,0.772,0.772
2024-01-19,0.772,0.772
2024-01-19,0.768,0.768
2024-01-22,0.772,0.772
2024-01-22,0.772,0.772
2024-01-22,0.768,0.768
2024-01-23,0.768,0.768
2024-01-23,0.768,0.768
2024-01-23,0.768,0.768
2024-01-24,0.768,0.768
2024-01-24,0.764,0.764
2024-01-24,0.764,0.764
2024-01-25,0.764,0.764
2024-01-25,0.76,0.76
2024-01-25,0.764,0.764
2024-01-26,0.764,0.764
2024-01-26,0.768,0.768
2024-01-26,0.768,0.768
2024-01-29,0.768,0.768
2024-01-29,0.768,0.768
2024-01-29,0.772,0.772
2024-01-30,0.776,0.776
2024-01-30,0.776,0.776
2024-01-30,0.776,0.776
2024-01-31,0.776,0.776
2024-01-31,0.776,0.776
2024-01-31,0.776,0.776
2024-02-01,0.776,0.776
2024-02-01,0.78,0.78
2024-02-01,0.784,0.784
2024-02-02,0.788,0.788
2024-02-02,0.784,0.784
2024-02-02,0.784,0.784
2024-02-05,0.784,0.784
2024-02-05,0.78,0.78
2024-02-05,0.78,0.78
2024-02-06,0.776,0.776
2024-02-06,0.776,0.776
2024-02-06,0.776,0.776
2024-02-07,0.776,0.776
2024-02-07,0.772,0.772
2024-02-07,0.772,0.772
2024-02-08,0.768,0.768
2024-02-08,0.768,0.768
2024-02-08,0.768,0.768
2024-02-09,0.768,0.768
2024-02-12,0.768,0.768
2024-02-13,0.768,0.768
2024-02-13,0.768,0.768
2024-02-13,0.768,0.768
2024-02-14,0.768,0.768
2024-02-14,0.768,0.768
2024-02-14,0.768,0.768
2024-02-15,0.768,0.768
2024-02-15,0.764,0.764
2024-02-15,0.764,0.764
2024-02-16,0.764,0.764
2024-02-16,0.764,0.764
2024-02-16,0.764,0.764
2024-02-19,0.764,0.764
2024-02-19,0.76,0.76
2024-02-20,0.76,0.76
2024-02-20,0.76,0.76
2024-02-20,0.76,0.76
2024-02-21,0.76,0.76
2024-02-21,0.76,0.76
2024-02-21,0.76,0.76
2024-02-22,0.76,0.76
2024-02-22,0.76,0.76
2024-02-22,0.76,0.76
2024-02-23,0.76,0.76
2024-02-23,0.76,0.76
2024-02-23,0.76,0.76
2024-02-26,0.76,0.76
2024-02-26,0.76,0.76
2024-02-26,0.76,0.76
2024-02-27,0.76,0.76
2024-02-27,0.76,0.76
2024-02-27,0.76,0.76
2024-02-28,0.76,0.76
2024-02-28,0.76,0.76
2024-02-28,0.76,0.76
2024-02-29,0.76,0.76
2024-02-29,0.76,0.76
2024-02-29,0.76,0.76
2024-03-01,0.76,0.76
2024-03-04,0.76,0.76
2024-03-04,0.76,0.76
2024-03-04,0.76,0.76
2024-03-05,0.76,0.76
2024-03-05,0.76,0.76
2024-03-05,0.76,0.76
2024-03-06,0.76,0.76
2024-03-06,0.76,0.76
2024-03-06,0.76,0.76
2024-03-07,0.76,0.76
2024-03-07,0.76,0.76
2024-03-07,0.76,0.76
2024-03-08,0.764,0.764
2024-03-08,0.764,0.764
2024-03-08,0.764,0.764
2024-03-11,0.768,0.768
2024-03-11,0.768,0.768
2024-03-11,0.772,0.772
2024-03-12,0.772,0.772
2024-03-12,0.776,0.776
2024-03-12,0.776,0.776
2024-03-13,0.776,0.776
2024-03-13,0.776,0.776
2024-03-13,0.78,0.78
2024-03-14,0.78,0.78
2024-03-14,0.78,0.78
2024-03-14,0.784,0.784
2024-03-15,0.784,0.784
2024-03-15,0.784,0.784
2024-03-15,0.788,0.788
2024-03-18,0.792,0.792
2024-03-18,0.792,0.792
2024-03-18,0.792,0.792
2024-03-19,0.792,0.792
2024-03-19,0.796,0.796
2024-03-19,0.796,0.796
2024-03-20,0.796,0.796
2024-03-20,0.792,0.792
2024-03-20,0.792,0.792
2024-03-21,0.788,0.788
2024-03-21,0.784,0.784
2024-03-21,0.784,0.784
2024-03-22,0.784,0.784
2024-03-22,0.784,0.784
2024-03-22,0.78,0.78
2024-03-25,0.776,0.776
2024-03-25,0.772,0.772
2024-03-25,0.768,0.768
2024-03-26,0.764,0.764
2024-03-26,0.76,0.76
2024-03-26,0.76,0.76
2024-03-27,0.756,0.756
2024-03-27,0.752,0.752
2024-03-27,0.748,0.748
2024-03-28,0.744,0.744
2024-03-28,0.74,0.74
2024-03-28,0.736,0.736
2024-03-29,0.732,0.732
2024-03-29,0.728,0.728
2024-04-01,0.724,0.724
2024-04-01,0.72,0.72
2024-04-01,0.716,0.716
2024-04-02,0.712,0.712
2024-04-02,0.708,0.708
2024-04-02,0.704,0.704
2024-04-03,0.7,0.7
2024-04-03,0.696,0.696
2024-04-03,0.692,0.692
2024-04-04,0.688,0.688
2024-04-04,0.684,0.684
2024-04-04,0.68,0.68
2024-04-05,0.676,0.676
2024-04-05,0.672,0.672
2024-04-05,0.668,0.668
2024-04-08,0.664,0.664
2024-04-08,0.66,0.66
2024-04-08,0.656,0.656
2024-04-09,0.652,0.652
2024-04-09,0.648,0.648
2024-04-09,0.644,0.644
2024-04-10,0.64,0.64
2024-04-11,0.636,0.636
2024-04-11,0.632,0.632
2024-04-11,0.628,0.628
2024-04-12,0.624,0.624
2024-04-12,0.62,0.62
2024-04-12,0.616,0.616
2024-04-15,0.612,0.612
2024-04-15,0.612,0.612
2024-04-15,0.612,0.612
2024-04-16,0.612,0.612
2024-04-16,0.612,0.612
2024-04-16,0.608,0.608
2024-04-17,0.608,0.608
2024-04-17,0.608,0.608
2024-04-17,0.612,0.612
2024-04-18,0.612,0.612
2024-04-18,0.616,0.616
2024-04-18,0.616,0.616
2024-04-19,0.62,0.62
2024-04-19,0.624,0.624
2024-04-19,0.628,0.628
2024-04-22,0.628,0.628
2024-04-22,0.632,0.632
2024-04-22,0.632,0.632
2024-04-23,0.628,0.628
2024-04-23,0.628,0.628
2024-04-23,0.628,0.628
2024-04-24,0.628,0.628
2024-04-24,0.628,0.628
2024-04-24,0.628,0.628
2024-04-25,0.628,0.628
2024-04-25,0.628,0.628
2024-04-25,0.632,0.632
2024-04-26,0.632,0.632
2024-04-26,0.632,0.632
2024-04-26,0.636,0.636
2024-04-29,0.632,0.632
2024-04-29,0.636,0.636
2024-04-29,0.64,0.64
2024-04-30,0.64,0.64
2024-04-30,0.644,0.644
2024-04-30,0.644,0.644
2024-05-01,0.648,0.648
2024-05-02,0.644,0.644
2024-05-02,0.644,0.644
2024-05-02,0.644,0.644
2024-05-03,0.648,0.648
2024-05-03,0.652,0.652
2024-05-03,0.648,0.648
2024-05-06,0.652,0.652
2024-05-07,0.656,0.656
2024-05-07,0.656,0.656
2024-05-07,0.656,0.656
2024-05-08,0.66,0.66
2024-05-08,0.664,0.664
2024-05-08,0.66,0.66
2024-05-09,0.66,0.66
2024-05-09,0.66,0.66
2024-05-09,0.664,0.664
2024-05-10,0.668,0.668
2024-05-10,0.664,0.664
2024-05-10,0.668,0.668
2024-05-13,0.668,0.668
2024-05-13,0.664,0.664
2024-05-13,0.664,0.664
2024-05-14,0.664,0.664
2024-05-14,0.66,0.66
2024-05-14,0.66,0.66
2024-05-15,0.66,0.66
2024-05-16,0.66,0.66
2024-05-16,0.66,0.66
2024-05-16,0.66,0.66
2024-05-17,0.66,0.66
2024-05-17,0.66,0.66
2024-05-17,0.66,0.66
2024-05-20,0.66,0.66
2024-05-20,0.66,0.66
2024-05-20,0.66,0.66
2024-05-21,0.664,0.664
2024-05-21,0.664,0.664
2024-05-21,0.664,0.664
2024-05-22,0.664,0.664
2024-05-22,0.668,0.668
2024-05-22,0.668,0.668
2024-05-23,0.672,0.672
2024-05-23,0.676,0.676
2024-05-23,0.676,0.676
2024-05-24,0.68,0.68
2024-05-24,0.684,0.684
2024-05-24,0.688,0.688
2024-05-27,0.688,0.688
2024-05-27,0.692,0.692
2024-05-28,0.696,0.696
2024-05-28,0.7,0.7
2024-05-28,0.7,0.7
2024-05-29,0.704,0.704
2024-05-29,0.708,0.708
2024-05-29,0.708,0.708
2024-05-30,0.712,0.712
2024-05-30,0.712,0.712
2024-05-30,0.712,0.712
2024-05-31,0.712,0.712
2024-05-31,0.716,0.716
2024-05-31,0.716,0.716
2024-06-03,0.716,0.716
2024-06-03,0.716,0.716
2024-06-03,0.716,0.716
2024-06-04,0.716,0.716
2024-06-04,0.716,0.716
2024-06-04,0.716,0.716
2024-06-05,0.72,0.72
2024-06-05,0.716,0.716
2024-06-05,0.716,0.716
2024-06-06,0.716,0.716
2024-06-07,0.72,0.72
2024-06-07,0.72,0.72
2024-06-07,0.72,0.72
2024-06-10,0.724,0.724
2024-06-10,0.724,0.724
2024-06-10,0.728,0.728
2024-06-11,0.724,0.724
2024-06-11,0.724,0.724
2024-06-11,0.724,0.724
2024-06-12,0.728,0.728
2024-06-12,0.724,0.724
2024-06-12,0.728,0.728
2024-06-13,0.724,0.724
2024-06-13,0.724,0.724
2024-06-13,0.724,0.724
2024-06-14,0.72,0.72
2024-06-14,0.72,0.72
2024-06-14,0.72,0.72
2024-06-17,0.72,0.72
2024-06-17,0.716,0.716
2024-06-17,0.716,0.716
2024-06-18,0.712,0.712
2024-06-18,0.712,0.712
2024-06-18,0.712,0.712
2024-06-19,0.708,0.708
2024-06-19,0.708,0.708
2024-06-20,0.708,0.708
2024-06-20,0.704,0.704
2024-06-20,0.7,0.7
2024-06-21,0.704,0.704
2024-06-21,0.7,0.7
2024-06-21,0.696,0.696
2024-06-24,0.696,0.696
2024-06-24,0.692,0.692
2024-06-24,0.688,0.688
2024-06-25,0.684,0.684
2024-06-25,0.684,0.684
2024-06-25,0.68,0.68
2024-06-26,0.68,0.68
2024-06-26,0.676,0.676
2024-06-26,0.672,0.672
2024-06-27,0.668,0.668
2024-06-27,0.664,0.664
2024-06-27,0.66,0.66
2024-06-28,0.656,0.656
2024-06-28,0.652,0.652
2024-06-28,0.648,0.648
2024-07-01,0.644,0.644
2024-07-01,0.64,0.64
2024-07-01,0.636,0.636
2024-07-02,0.632,0.632
2024-07-02,0.628,0.628
2024-07-02,0.624,0.624
2024-07-03,0.62,0.62
2024-07-03,0.616,0.616
2024-07-03,0.616,0.616
2024-07-04,0.612,0.612
2024-07-04,0.608,0.608
2024-07-05,0.604,0.604
2024-07-05,0.6,0.6
2024-07-05,0.596,0.596
2024-07-08,0.592,0.592
2024-07-08,0.588,0.588
2024-07-08,0.584,0.584
2024-07-09,0.58,0.58
2024-07-09,0.576,0.576
2024-07-09,0.572,0.572
2024-07-10,0.568,0.568
2024-07-10,0.564,0.564
2024-07-10,0.56,0.56
2024-07-11,0.556,0.556
2024-07-11,0.552,0.552
2024-07-11,0.548,0.548
2024-07-12,0.544,0.544
2024-07-12,0.54,0.54
2024-07-12,0.536,0.536
2024-07-15,0.532,0.532
2024-07-15,0.528,0.528
2024-07-15,0.524,0.524
2024-07-16,0.52,0.52
2024-07-16,0.516,0.516
2024-07-16,0.512,0.512
2024-07-17,0.508,0.508
2024-07-17,0.504,0.504
2024-07-17,0.5,0.5
2024-07-18,0.496,0.496
2024-07-18,0.492,0.492
2024-07-18,0.488,0.488
2024-07-19,0.484,0.484
2024-07-19,0.48,0.48
2024-07-19,0.476,0.476
2024-07-22,0.472,0.472
2024-07-22,0.472,0.472
2024-07-22,0.468,0.468
2024-07-23,0.468,0.468
2024-07-23,0.468,0.468
2024-07-23,0.464,0.464
2024-07-24,0.464,0.464
2024-07-24,0.464,0.464
2024-07-24,0.464,0.464
2024-07-25,0.464,0.464
2024-07-25,0.464,0.464
2024-07-25,0.464,0.464
2024-07-26,0.464,0.464
2024-07-26,0.464,0.464
2024-07-26,0.46,0.46
2024-07-29,0.46,0.46
2024-07-29,0.46,0.46
2024-07-29,0.46,0.46
2024-07-30,0.46,0.46
2024-07-30,0.46,0.46
2024-07-30,0.46,0.46
2024-07-31,0.46,0.46
2024-07-31,0.46,0.46
2024-07-31,0.46,0.46
2024-08-01,0.46,0.46
2024-08-01,0.46,0.46
2024-08-01,0.46,0.46
2024-08-02,0.46,0.46
2024-08-02,0.464,0.464
2024-08-02,0.468,0.468
2024-08-05,0.468,0.468
2024-08-05,0.468,0.468
2024-08-05,0.472,0.472
2024-08-06,0.472,0.472
2024-08-06,0.472,0.472
2024-08-06,0.472,0.472
2024-08-07,0.472,0.472
2024-08-07,0.472,0.472
2024-08-07,0.476,0.476
2024-08-08,0.476,0.476
2024-08-08,0.476,0.476
2024-08-08,0.476,0.476
2024-08-09,0.476,0.476
2024-08-09,0.476,0.476
2024-08-09,0.476,0.476
2024-08-12,0.476,0.476
2024-08-12,0.476,0.476
2024-08-12,0.476,0.476
2024-08-13,0.476,0.476
2024-08-13,0.476,0.476
2024-08-13,0.476,0.476
2024-08-14,0.476,0.476
2024-08-14,0.472,0.472
2024-08-14,0.468,0.468
2024-08-15,0.464,0.464
2024-08-16,0.46,0.46
2024-08-16,0.46,0.46
2024-08-16,0.456,0.456
2024-08-19,0.452,0.452
2024-08-19,0.448,0.448
2024-08-19,0.444,0.444
2024-08-20,0.44,0.44
2024-08-20,0.436,0.436
2024-08-20,0.432,0.432
2024-08-21,0.428,0.428
2024-08-21,0.424,0.424
2024-08-21,0.42,0.42
2024-08-22,0.416,0.416
2024-08-22,0.412,0.412
2024-08-22,0.412,0.412
2024-08-23,0.408,0.408
2024-08-23,0.404,0.404
2024-08-23,0.4,0.4
2024-08-26,0.396,0.396
2024-08-26,0.396,0.396
2024-08-26,0.396,0.396
2024-08-27,0.396,0.396
2024-08-27,0.396,0.396
2024-08-27,0.396,0.396
2024-08-28,0.392,0.392
2024-08-28,0.392,0.392
2024-08-28,0.396,0.396
2024-08-29,0.392,0.392
2024-08-29,0.392,0.392
2024-08-29,0.388,0.388
2024-08-30,0.388,0.388
2024-08-30,0.392,0.392
2024-08-30,0.388,0.388
2024-09-02,0.388,0.388
2024-09-02,0.388,0.388
2024-09-03,0.384,0.384
2024-09-03,0.384,0.384
2024-09-03,0.384,0.384
2024-09-04,0.388,0.388
2024-09-04,0.388,0.388
2024-09-04,0.384,0.384
2024-09-05,0.384,0.384
2024-09-05,0.384,0.384
2024-09-05,0.384,0.384
2024-09-06,0.384,0.384
2024-09-06,0.384,0.384
2024-09-06,0.388,0.388
2024-09-09,0.384,0.384
2024-09-09,0.384,0.384
2024-09-09,0.384,0.384
2024-09-10,0.384,0.384
2024-09-10,0.384,0.384
2024-09-10,0.384,0.384
2024-09-11,0.388,0.388
2024-09-11,0.388,0.388
2024-09-11,0.384,0.384
2024-09-12,0.384,0.384
2024-09-12,0.384,0.384
2024-09-12,0.384,0.384
2024-09-13,0.384,0.384
2024-09-13,0.384,0.384
2024-09-13,0.38,0.38
2024-09-16,0.38,0.38
2024-09-17,0.38,0.38
2024-09-18,0.384,0.384
2024-09-19,0.38,0.38
2024-09-19,0.38,0.38
2024-09-19,0.38,0.38
2024-09-20,0.38,0.38
2024-09-20,0.376,0.376
2024-09-20,0.376,0.376
2024-09-23,0.376,0.376
2024-09-23,0.372,0.372
2024-09-23,0.372,0.372
2024-09-24,0.368,0.368
2024-09-24,0.368,0.368
2024-09-24,0.368,0.368
2024-09-25,0.364,0.364
2024-09-25,0.364,0.364
2024-09-25,0.36,0.36
2024-09-26,0.36,0.36
2024-09-26,0.356,0.356
2024-09-26,0.352,0.352
2024-09-27,0.352,0.352
2024-09-27,0.352,0.352
2024-09-27,0.348,0.348
2024-09-30,0.348,0.348
2024-09-30,0.348,0.348
2024-09-30,0.344,0.344
2024-10-01,0.344,0.344
2024-10-02,0.34,0.34
2024-10-02,0.34,0.34
2024-10-02,0.34,0.34
2024-10-03,0.336,0.336
2024-10-04,0.332,0.332
2024-10-04,0.328,0.328
2024-10-04,0.328,0.328
2024-10-07,0.324,0.324
2024-10-07,0.32,0.32
2024-10-07,0.32,0.32
2024-10-08,0.316,0.316
2024-10-08,0.32,0.32
2024-10-08,0.32,0.32
2024-10-09,0.32,0.32
2024-10-10,0.32,0.32
2024-10-10,0.316,0.316
2024-10-10,0.316,0.316
2024-10-11,0.316,0.316
2024-10-11,0.316,0.316
2024-10-11,0.312,0.312
2024-10-14,0.316,0.316
2024-10-14,0.316,0.316
2024-10-14,0.312,0.312
2024-10-15,0.308,0.308
2024-10-15,0.308,0.308
2024-10-15,0.308,0.308
2024-10-16,0.308,0.308
2024-10-16,0.304,0.304
2024-10-16,0.3,0.3
2024-10-17,0.3,0.3
2024-10-17,0.296,0.296
2024-10-17,0.292,0.292
2024-10-18,0.288,0.288
2024-10-18,0.288,0.288
2024-10-18,0.284,0.284
2024-10-21,0.284,0.284
2024-10-21,0.28,0.28
2024-10-21,0.28,0.28
2024-10-22,0.28,0.28
2024-10-22,0.276,0.276
2024-10-22,0.272,0.272
2024-10-23,0.272,0.272
2024-10-23,0.272,0.272
2024-10-23,0.268,0.268
2024-10-24,0.272,0.272
2024-10-24,0.272,0.272
2024-10-24,0.268,0.268
2024-10-25,0.268,0.268
2024-10-25,0.272,0.272
2024-10-25,0.272,0.272
2024-10-28,0.268,0.268
2024-10-28,0.268,0.268
2024-10-28,0.264,0.264
2024-10-29,0.264,0.264
2024-10-29,0.264,0.264
2024-10-29,0.264,0.264
2024-10-30,0.264,0.264
2024-10-30,0.264,0.264
2024-10-30,0.264,0.264
2024-10-31,0.264,0.264
2024-10-31,0.264,0.264
2024-10-31,0.264,0.264
2024-11-01,0.264,0.264
2024-11-01,0.264,0.264
2024-11-01,0.264,0.264
2024-11-04,0.264,0.264
2024-11-04,0.264,0.264
2024-11-04,0.264,0.264
2024-11-05,0.264,0.264
2024-11-05,0.26,0.26
2024-11-05,0.26,0.26
2024-11-06,0.26,0.26
2024-11-06,0.26,0.26
2024-11-06,0.26,0.26
2024-11-07,0.26,0.26
2024-11-07,0.26,0.26
2024-11-07,0.26,0.26
2024-11-08,0.26,0.26
2024-11-08,0.26,0.26
2024-11-08,0.26,0.26
2024-11-11,0.26,0.26
2024-11-11,0.26,0.26
2024-11-11,0.26,0.26
2024-11-12,0.264,0.264
2024-11-12,0.264,0.264
2024-11-12,0.264,0.264
2024-11-13,0.268,0.268
2024-11-13,0.268,0.268
2024-11-13,0.268,0.268
2024-11-14,0.272,0.272
2024-11-14,0.276,0.276
2024-11-14,0.28,0.28
2024-11-15,0.284,0.284
2024-11-15,0.284,0.284
2024-11-15,0.288,0.288
2024-11-18,0.292,0.292
2024-11-18,0.296,0.296
2024-11-18,0.296,0.296
2024-11-19,0.3,0.3
2024-11-19,0.3,0.3
2024-11-19,0.304,0.304
2024-11-20,0.308,0.308
2024-11-20,0.308,0.308
2024-11-20,0.312,0.312
2024-11-21,0.312,0.312
2024-11-21,0.312,0.312
2024-11-21,0.316,0.316
2024-11-22,0.316,0.316
2024-11-22,0.316,0.316
2024-11-22,0.316,0.316
2024-11-25,0.316,0.316
2024-11-25,0.316,0.316
2024-11-25,0.312,0.312
2024-11-26,0.312,0.312
2024-11-26,0.312,0.312
2024-11-26,0.312,0.312
2024-11-27,0.316,0.316
2024-11-27,0.316,0.316
2024-11-27,0.316,0.316
2024-11-28,0.32,0.32
2024-11-28,0.32,0.32
2024-11-29,0.32,0.32
2024-11-29,0.324,0.324
2024-11-29,0.324,0.324
2024-12-02,0.328,0.328
2024-12-02,0.332,0.332
2024-12-02,0.332,0.332
2024-12-03,0.336,0.336
2024-12-03,0.34,0.34
2024-12-03,0.34,0.34
2024-12-04,0.34,0.34
2024-12-04,0.344,0.344
2024-12-04,0.348,0.348
2024-12-05,0.348,0.348
2024-12-05,0.348,0.348
2024-12-05,0.348,0.348
2024-12-06,0.352,0.352
2024-12-06,0.352,0.352
2024-12-06,0.356,0.356
2024-12-09,0.36,0.36
2024-12-09,0.36,0.36
2024-12-09,0.364,0.364
2024-12-10,0.364,0.364
2024-12-10,0.364,0.364
2024-12-10,0.368,0.368
2024-12-11,0.372,0.372
2024-12-11,0.376,0.376
2024-12-11,0.376,0.376
2024-12-12,0.376,0.376
2024-12-12,0.376,0.376
2024-12-12,0.38,0.38
2024-12-13,0.38,0.38
2024-12-13,0.38,0.38
2024-12-13,0.384,0.384
2024-12-16,0.384,0.384
2024-12-16,0.384,0.384
2024-12-16,0.388,0.388
2024-12-17,0.388,0.388
2024-12-17,0.392,0.392
2024-12-17,0.392,0.392
2024-12-18,0.396,0.396
2024-12-18,0.4,0.4
2024-12-18,0.404,0.404
2024-12-19,0.408,0.408
2024-12-19,0.412,0.412
2024-12-19,0.416,0.416
2024-12-20,0.42,0.42
2024-12-20,0.424,0.424
2024-12-20,0.428,0.428
2024-12-23,0.432,0.432
2024-12-23,0.436,0.436
2024-12-23,0.44,0.44
2024-12-24,0.44,0.44
2024-12-24,0.444,0.444
2024-12-24,0.448,0.448
2024-12-26,0.448,0.448
2024-12-26,0.448,0.448
2024-12-26,0.452,0.452
2024-12-27,0.452,0.452
2024-12-27,0.456,0.456
2024-12-27,0.456,0.456
2024-12-30,0.46,0.46
2024-12-30,0.46,0.46
2024-12-30,0.464,0.464
2024-12-31,0.464,0.468
2025-01-02,0.464,0.468
2025-01-02,0.46,0.468
2025-01-02,0.46,0.472
2025-01-03,0.456,0.468
2025-01-03,0.456,0.468
2025-01-03,0.456,0.468
2025-01-06,0.452,0.464
2025-01-06,0.452,0.464
2025-01-06,0.452,0.464
2025-01-07,0.452,0.464
2025-01-07,0.456,0.468
2025-01-07,0.452,0.464
2025-01-08,0.448,0.46
2025-01-08,0.444,0.456
2025-01-08,0.44,0.452
2025-01-09,0.44,0.452
2025-01-09,0.44,0.452
2025-01-10,0.44,0.452
2025-01-10,0.44,0.452
2025-01-10,0.44,0.452
2025-01-13,0.444,0.456
2025-01-13,0.44,0.452
2025-01-13,0.444,0.456
2025-01-14,0.444,0.456
2025-01-14,0.44,0.452
2025-01-14,0.444,0.456
2025-01-15,0.444,0.456
2025-01-15,0.44,0.452
2025-01-15,0.44,0.452
2025-01-16,0.44,0.452
2025-01-16,0.44,0.452
2025-01-16,0.444,0.456
2025-01-17,0.444,0.456
2025-01-17,0.44,0.452
2025-01-17,0.44,0.452
2025-01-20,0.436,0.448
2025-01-20,0.44,0.452
2025-01-21,0.436,0.448
2025-01-21,0.432,0.444
2025-01-21,0.432,0.444
2025-01-22,0.432,0.444
2025-01-22,0.428,0.44
2025-01-22,0.428,0.44
2025-01-22,0.428,0.44
2025-01-23,0.432,0.444
2025-01-23,0.428,0.44
2025-01-23,0.424,0.436
2025-01-23,0.428,0.44
2025-01-24,0.428,0.44
2025-01-24,0.432,0.444
2025-01-24,0.432,0.444
2025-01-24,0.432,0.444
2025-01-27,0.436,0.448
2025-01-27,0.436,0.448
2025-01-28,0.44,0.452
2025-01-28,0.44,0.452
2025-01-29,0.444,0.456
2025-01-29,0.448,0.46
2025-01-30,0.448,0.46
2025-01-30,0.448,0.46
2025-01-31,0.452,0.464
2025-01-31,0.452,0.464
2025-01-31,0.452,0.464
2025-01-31,0.452,0.464
2025-02-03,0.448,0.46
2025-02-03,0.452,0.464
2025-02-03,0.452,0.464
2025-02-03,0.452,0.464
2025-02-04,0.456,0.468
2025-02-04,0.46,0.472
2025-02-04,0.464,0.476
2025-02-04,0.464,0.476
2025-02-05,0.468,0.48
2025-02-05,0.472,0.484
2025-02-05,0.468,0.48
2025-02-05,0.468,0.48
2025-02-06,0.464,0.476
2025-02-06,0.464,0.476
2025-02-06,0.46,0.472
2025-02-06,0.456,0.468
2025-02-07,0.456,0.472
2025-02-07,0.452,0.468
2025-02-07,0.452,0.468
2025-02-07,0.452,0.464
2025-02-10,0.452,0.464
2025-02-10,0.448,0.464
2025-02-10,0.444,0.46
2025-02-10,0.444,0.46
2025-02-11,0.448,0.464
2025-02-11,0.452,0.468
2025-02-11,0.448,0.464
2025-02-12,0.448,0.468
2025-02-12,0.448,0.468
2025-02-12,0.452,0.472
2025-02-12,0.452,0.476
2025-02-13,0.452,0.476
2025-02-13,0.452,0.476
2025-02-13,0.452,0.48
2025-02-13,0.456,0.484
2025-02-14,0.456,0.488
2025-02-14,0.456,0.488
2025-02-14,0.46,0.492
2025-02-14,0.46,0.496
2025-02-17,0.464,0.5
2025-02-17,0.468,0.504
2025-02-17,0.468,0.504
2025-02-18,0.468,0.504
2025-02-18,0.472,0.508
2025-02-18,0.472,0.508
2025-02-18,0.472,0.508
2025-02-19,0.476,0.508
2025-02-19,0.48,0.512
2025-02-19,0.484,0.516
2025-02-19,0.48,0.512
2025-02-20,0.484,0.516
2025-02-20,0.488,0.52
2025-02-20,0.488,0.52
2025-02-20,0.492,0.524
2025-02-21,0.496,0.528
2025-02-21,0.5,0.532
2025-02-21,0.504,0.532
2025-02-21,0.508,0.536
2025-02-24,0.512,0.54
2025-02-24,0.516,0.544
2025-02-24,0.516,0.548
2025-02-25,0.516,0.552
2025-02-25,0.52,0.552
2025-02-25,0.52,0.556
2025-02-25,0.524,0.56
2025-02-26,0.528,0.56
2025-02-26,0.528,0.564
2025-02-26,0.528,0.568
2025-02-26,0.532,0.568
2025-02-27,0.532,0.568
2025-02-27,0.532,0.572
2025-02-27,0.532,0.576
2025-02-27,0.532,0.58
2025-02-28,0.536,0.58
2025-02-28,0.536,0.584
2025-02-28,0.536,0.588
2025-02-28,0.54,0.588
2025-03-03,0.544,0.588
2025-03-03,0.548,0.588
2025-03-04,0.548,0.592
2025-03-04,0.552,0.592
2025-03-04,0.552,0.596
2025-03-04,0.556,0.596
2025-03-05,0.56,0.596
2025-03-05,0.56,0.592
2025-03-05,0.56,0.596
2025-03-05,0.56,0.6
2025-03-06,0.56,0.596
2025-03-06,0.564,0.596
2025-03-06,0.564,0.6
2025-03-06,0.56,0.6
2025-03-07,0.556,0.596
2025-03-07,0.556,0.592
2025-03-07,0.556,0.588
2025-03-07,0.556,0.592
2025-03-10,0.552,0.588
2025-03-10,0.552,0.588
2025-03-10,0.552,0.584
2025-03-10,0.556,0.584
2025-03-11,0.556,0.58
2025-03-11,0.556,0.58
2025-03-11,0.556,0.58
2025-03-11,0.552,0.576
2025-03-12,0.552,0.576
2025-03-12,0.552,0.572
2025-03-12,0.552,0.572
2025-03-12,0.552,0.572
2025-03-13,0.552,0.568
2025-03-13,0.552,0.568
2025-03-13,0.556,0.572
2025-03-13,0.556,0.572
2025-03-14,0.556,0.572
2025-03-14,0.556,0.572
2025-03-14,0.556,0.572
2025-03-14,0.56,0.576
2025-03-14,0.56,0.576
2025-03-17,0.56,0.576
2025-03-17,0.556,0.572
2025-03-17,0.556,0.572
2025-03-17,0.556,0.572
2025-03-17,0.552,0.568
2025-03-18,0.552,0.568
2025-03-18,0.552,0.568
2025-03-18,0.548,0.564
2025-03-18,0.548,0.564
2025-03-18,0.544,0.56
2025-03-19,0.54,0.556
2025-03-19,0.54,0.556
2025-03-19,0.536,0.552
2025-03-19,0.532,0.548
2025-03-19,0.532,0.548
2025-03-20,0.532,0.548
2025-03-20,0.528,0.544
2025-03-20,0.524,0.54
2025-03-20,0.52,0.536
2025-03-21,0.516,0.532
2025-03-21,0.52,0.532
2025-03-21,0.516,0.528
2025-03-21,0.512,0.524
2025-03-21,0.508,0.52
2025-03-24,0.504,0.516
2025-03-24,0.504,0.516
2025-03-24,0.504,0.512
2025-03-24,0.504,0.512
2025-03-24,0.5,0.508
2025-03-25,0.496,0.504
2025-03-25,0.496,0.5
2025-03-25,0.496,0.496
2025-03-25,0.5,0.496
2025-03-25,0.5,0.496
2025-03-26,0.5,0.496
2025-03-26,0.5,0.492
2025-03-26,0.5,0.492
2025-03-26,0.5,0.492
2025-03-26,0.5,0.488
2025-03-27,0.5,0.488
2025-03-27,0.504,0.488
2025-03-27,0.504,0.484
2025-03-27,0.504,0.484
2025-03-27,0.504,0.48
2025-03-28,0.508,0.48
2025-03-28,0.508,0.476
2025-03-28,0.508,0.472
2025-03-28,0.504,0.468
2025-03-28,0.504,0.464
2025-03-31,0.5,0.46
2025-03-31,0.5,0.456
2025-03-31,0.5,0.452
2025-03-31,0.5,0.448
2025-03-31,0.5,0.444
2025-04-01,0.496,0.44
2025-04-01,0.496,0.436
2025-04-01,0.496,0.432
2025-04-01,0.496,0.432
2025-04-01,0.496,0.428
2025-04-02,0.496,0.424
2025-04-02,0.5,0.424
2025-04-02,0.504,0.424
2025-04-02,0.504,0.42
2025-04-02,0.504,0.42
2025-04-03,0.504,0.416
2025-04-03,0.504,0.412
2025-04-03,0.504,0.408
2025-04-03,0.504,0.404
2025-04-03,0.5,0.404
2025-04-04,0.5,0.404
2025-04-04,0.5,0.404
2025-04-04,0.504,0.404
2025-04-04,0.504,0.404
2025-04-04,0.504,0.408
2025-04-07,0.504,0.412
2025-04-07,0.5,0.412
2025-04-07,0.5,0.412
2025-04-07,0.5,0.416
2025-04-07,0.5,0.42
2025-04-08,0.496,0.42
2025-04-08,0.492,0.42
2025-04-08,0.496,0.424
2025-04-08,0.496,0.428
2025-04-08,0.496,0.432
2025-04-09,0.496,0.436
2025-04-09,0.496,0.44
2025-04-09,0.496,0.444
2025-04-09,0.492,0.444
2025-04-09,0.492,0.444
2025-04-10,0.488,0.444
2025-04-10,0.488,0.444
2025-04-10,0.488,0.448
2025-04-10,0.484,0.448
2025-04-10,0.484,0.448
2025-04-11,0.484,0.452
2025-04-11,0.48,0.452
2025-04-11,0.476,0.452
2025-04-11,0.476,0.456
2025-04-11,0.472,0.456
2025-04-14,0.468,0.456
2025-04-14,0.468,0.46
2025-04-14,0.464,0.46
2025-04-14,0.46,0.46
2025-04-14,0.46,0.464
2025-04-15,0.456,0.464
2025-04-15,0.456,0.468
2025-04-15,0.452,0.468
2025-04-15,0.452,0.472
2025-04-15,0.452,0.476
2025-04-16,0.448,0.476
2025-04-16,0.448,0.48
2025-04-16,0.448,0.484
2025-04-16,0.444,0.484
2025-04-16,0.44,0.484
2025-04-17,0.436,0.484
2025-04-17,0.436,0.488
2025-04-17,0.436,0.492
2025-04-17,0.432,0.492
2025-04-17,0.428,0.492
2025-04-18,0.424,0.492
2025-04-18,0.42,0.492
2025-04-18,0.416,0.492
2025-04-21,0.412,0.492
2025-04-21,0.408,0.492
2025-04-21,0.404,0.492
2025-04-21,0.404,0.488
2025-04-21,0.4,0.488
2025-04-22,0.396,0.488
2025-04-22,0.392,0.488
2025-04-22,0.388,0.488
2025-04-22,0.384,0.488
2025-04-22,0.384,0.484
2025-04-23,0.38,0.484
2025-04-23,0.38,0.488
2025-04-23,0.38,0.492
2025-04-23,0.38,0.488
2025-04-23,0.376,0.488
2025-04-24,0.372,0.488
2025-04-24,0.372,0.484
2025-04-24,0.368,0.484
2025-04-24,0.364,0.484
2025-04-24,0.36,0.484
2025-04-25,0.356,0.484
2025-04-25,0.352,0.484
2025-04-25,0.352,0.488
2025-04-25,0.352,0.492
2025-04-25,0.352,0.496
2025-04-28,0.348,0.496
2025-04-28,0.348,0.5
2025-04-28,0.348,0.504
2025-04-28,0.348,0.504
2025-04-28,0.348,0.508
2025-04-29,0.344,0.508
2025-04-29,0.34,0.512
2025-04-29,0.34,0.516
2025-04-29,0.34,0.516
2025-04-30,0.34,0.52
2025-04-30,0.34,0.524
2025-04-30,0.336,0.524
2025-04-30,0.332,0.524
2025-04-30,0.332,0.528
2025-05-01,0.332,0.528
2025-05-01,0.332,0.532
2025-05-01,0.328,0.532
2025-05-02,0.328,0.532
2025-05-02,0.328,0.536
2025-05-02,0.328,0.54
2025-05-02,0.328,0.54
2025-05-02,0.324,0.54
2025-05-05,0.324,0.54
2025-05-05,0.324,0.544
2025-05-06,0.32,0.544
2025-05-06,0.32,0.544
2025-05-07,0.316,0.544
2025-05-07,0.312,0.544
2025-05-07,0.312,0.548
2025-05-07,0.312,0.552
2025-05-07,0.308,0.552
2025-05-08,0.308,0.556
2025-05-08,0.304,0.556
2025-05-08,0.3,0.56
2025-05-08,0.296,0.56
2025-05-08,0.292,0.56
2025-05-09,0.292,0.564
2025-05-09,0.288,0.564
2025-05-09,0.284,0.564
2025-05-09,0.284,0.568
2025-05-09,0.28,0.568
2025-05-12,0.276,0.568
2025-05-12,0.276,0.564
2025-05-12,0.272,0.568
2025-05-12,0.272,0.564
2025-05-12,0.268,0.564
2025-05-13,0.264,0.564
2025-05-13,0.264,0.564
2025-05-13,0.268,0.56
2025-05-13,0.264,0.564
2025-05-13,0.268,0.56
2025-05-14,0.264,0.56
2025-05-14,0.264,0.56
2025-05-14,0.264,0.56
2025-05-14,0.264,0.56
2025-05-14,0.26,0.564
2025-05-15,0.26,0.568
2025-05-15,0.264,0.564
2025-05-15,0.264,0.564
2025-05-15,0.264,0.564
2025-05-15,0.264,0.564
2025-05-16,0.268,0.56
2025-05-16,0.268,0.56
2025-05-16,0.264,0.564
2025-05-16,0.26,0.568
2025-05-16,0.256,0.572
2025-05-19,0.26,0.568
2025-05-19,0.256,0.572
2025-05-19,0.256,0.572
2025-05-19,0.252,0.576
2025-05-19,0.248,0.58
2025-05-20,0.244,0.584
2025-05-20,0.244,0.584
2025-05-20,0.244,0.584
2025-05-20,0.24,0.588
2025-05-20,0.24,0.588
2025-05-21,0.24,0.588
2025-05-21,0.24,0.588
2025-05-21,0.24,0.592
2025-05-21,0.24,0.592
2025-05-21,0.236,0.596
2025-05-22,0.236,0.596
2025-05-22,0.236,0.6
2025-05-22,0.232,0.6
2025-05-22,0.228,0.604
2025-05-22,0.224,0.608
2025-05-23,0.22,0.612
2025-05-23,0.22,0.616
2025-05-23,0.216,0.616
2025-05-23,0.216,0.62
2025-05-23,0.216,0.624
2025-05-26,0.212,0.628
2025-05-26,0.212,0.632
2025-05-26,0.212,0.636
2025-05-27,0.208,0.64
2025-05-27,0.208,0.644
2025-05-27,0.204,0.644
2025-05-27,0.204,0.648
2025-05-27,0.204,0.652
2025-05-28,0.204,0.656
2025-05-28,0.204,0.66
2025-05-28,0.2,0.66
2025-05-28,0.2,0.664
2025-05-28,0.2,0.668
2025-05-29,0.2,0.672
2025-05-29,0.2,0.676
2025-05-29,0.2,0.68
2025-05-29,0.2,0.684
2025-05-29,0.2,0.688
2025-05-30,0.2,0.692
2025-05-30,0.2,0.696
2025-05-30,0.2,0.7
2025-05-30,0.2,0.704
2025-05-30,0.2,0.708
2025-06-02,0.2,0.712
2025-06-02,0.2,0.716
2025-06-02,0.2,0.72
2025-06-02,0.2,0.724
2025-06-02,0.2,0.728
2025-06-03,0.2,0.732
2025-06-03,0.2,0.736
2025-06-03,0.2,0.74
2025-06-04,0.2,0.744
2025-06-04,0.196,0.748
2025-06-04,0.196,0.752
2025-06-04,0.196,0.756
2025-06-04,0.196,0.76
2025-06-05,0.196,0.764
2025-06-05,0.196,0.768
2025-06-05,0.192,0.772
2025-06-05,0.192,0.776
2025-06-05,0.192,0.78
2025-06-06,0.192,0.784
2025-06-06,0.188,0.788
2025-06-06,0.184,0.792
2025-06-09,0.18,0.796
2025-06-09,0.18,0.8
2025-06-09,0.18,0.804
2025-06-09,0.176,0.808
2025-06-09,0.176,0.812
2025-06-10,0.176,0.816
2025-06-10,0.176,0.82
2025-06-10,0.18,0.824
2025-06-10,0.18,0.828
2025-06-10,0.18,0.832
2025-06-11,0.184,0.836
2025-06-11,0.184,0.84
2025-06-11,0.184,0.844
2025-06-11,0.18,0.848
2025-06-11,0.18,0.852
2025-06-12,0.184,0.856
2025-06-12,0.18,0.86
2025-06-12,0.184,0.864
2025-06-12,0.184,0.868
2025-06-12,0.184,0.872
2025-06-13,0.184,0.876
2025-06-13,0.18,0.88
2025-06-13,0.184,0.88
2025-06-13,0.184,0.884
2025-06-13,0.184,0.888
2025-06-16,0.188,0.892
2025-06-16,0.184,0.892
2025-06-16,0.18,0.896
2025-06-16,0.176,0.896
2025-06-16,0.176,0.9
2025-06-17,0.176,0.904
2025-06-17,0.176,0.908
2025-06-17,0.172,0.908
2025-06-17,0.168,0.908
2025-06-17,0.168,0.912
2025-06-18,0.164,0.912
2025-06-18,0.168,0.912
2025-06-18,0.168,0.908
2025-06-18,0.164,0.908
2025-06-18,0.164,0.908
2025-06-19,0.168,0.908
2025-06-19,0.172,0.908
2025-06-19,0.176,0.908
2025-06-20,0.176,0.904
2025-06-20,0.18,0.908
2025-06-20,0.184,0.908
2025-06-20,0.188,0.908
2025-06-20,0.188,0.904
2025-06-23,0.188,0.9
2025-06-23,0.184,0.896
2025-06-23,0.184,0.892
2025-06-23,0.188,0.892
2025-06-23,0.192,0.892
2025-06-24,0.192,0.888
2025-06-24,0.192,0.884
2025-06-24,0.192,0.88
2025-06-24,0.188,0.876
2025-06-24,0.192,0.876
2025-06-25,0.188,0.872
2025-06-25,0.192,0.872
2025-06-25,0.192,0.868
2025-06-25,0.188,0.864
2025-06-25,0.188,0.86
2025-06-26,0.188,0.856
2025-06-26,0.188,0.852
2025-06-26,0.188,0.848
2025-06-26,0.192,0.848
2025-06-26,0.192,0.844
2025-06-27,0.192,0.84
2025-06-27,0.192,0.836
2025-06-27,0.192,0.832
2025-06-27,0.196,0.832
2025-06-27,0.196,0.828
2025-06-30,0.196,0.824
2025-06-30,0.196,0.82
2025-06-30,0.196,0.816
2025-06-30,0.2,0.816
2025-06-30,0.2,0.812
2025-07-01,0.2,0.808
2025-07-01,0.204,0.808
2025-07-01,0.204,0.804
2025-07-01,0.208,0.804
2025-07-01,0.208,0.8
2025-07-02,0.212,0.8
2025-07-02,0.212,0.796
2025-07-02,0.212,0.792
2025-07-02,0.216,0.792
2025-07-02,0.216,0.788
2025-07-03,0.216,0.784
2025-07-03,0.216,0.78
2025-07-03,0.22,0.78
2025-07-03,0.22,0.776
2025-07-03,0.22,0.772
2025-07-04,0.216,0.772
2025-07-04,0.22,0.772
2025-07-04,0.22,0.768
2025-07-07,0.224,0.768
2025-07-07,0.224,0.764
2025-07-07,0.224,0.76
2025-07-07,0.22,0.76
2025-07-07,0.22,0.756
2025-07-08,0.22,0.752
2025-07-08,0.22,0.748
2025-07-08,0.216,0.748
2025-07-08,0.216,0.744
2025-07-08,0.22,0.744
2025-07-09,0.216,0.744
2025-07-09,0.216,0.74
2025-07-09,0.216,0.736
2025-07-09,0.22,0.736
2025-07-09,0.22,0.732
2025-07-10,0.22,0.728
2025-07-10,0.22,0.724
2025-07-10,0.224,0.724
2025-07-10,0.224,0.72
2025-07-10,0.224,0.716
2025-07-11,0.224,0.712
2025-07-11,0.228,0.712
2025-07-11,0.228,0.708
2025-07-11,0.232,0.708
2025-07-11,0.232,0.704
2025-07-14,0.236,0.704
2025-07-14,0.24,0.704
2025-07-14,0.24,0.7
2025-07-14,0.244,0.7
2025-07-14,0.248,0.7
2025-07-15,0.248,0.696
2025-07-15,0.252,0.696
2025-07-15,0.256,0.696
2025-07-15,0.26,0.696
2025-07-15,0.264,0.696
2025-07-16,0.268,0.696
2025-07-16,0.272,0.696
2025-07-16,0.276,0.696
2025-07-16,0.276,0.692
2025-07-16,0.28,0.692
2025-07-17,0.284,0.692
2025-07-17,0.288,0.692
2025-07-17,0.292,0.692
2025-07-17,0.296,0.692
2025-07-17,0.3,0.692
2025-07-18,0.304,0.692
2025-07-18,0.308,0.692
2025-07-18,0.312,0.692
2025-07-18,0.316,0.692
2025-07-18,0.32,0.692
2025-07-21,0.324,0.692
2025-07-21,0.328,0.692
2025-07-21,0.328,0.688
2025-07-21,0.332,0.688
2025-07-22,0.336,0.688
2025-07-22,0.336,0.684
2025-07-22,0.336,0.68
2025-07-22,0.34,0.68
2025-07-22,0.344,0.68
2025-07-23,0.348,0.68
2025-07-23,0.352,0.68
2025-07-23,0.352,0.684
2025-07-23,0.352,0.68
2025-07-23,0.348,0.68
2025-07-24,0.348,0.676
2025-07-24,0.352,0.676
2025-07-24,0.352,0.672
2025-07-24,0.352,0.676
2025-07-24,0.356,0.676
2025-07-25,0.352,0.676
2025-07-25,0.356,0.676
2025-07-25,0.356,0.68
2025-07-25,0.36,0.68
2025-07-25,0.36,0.676
2025-07-28,0.36,0.672
2025-07-28,0.364,0.672
2025-07-28,0.364,0.676
2025-07-28,0.368,0.676
2025-07-28,0.372,0.676
2025-07-29,0.372,0.68
2025-07-29,0.372,0.684
2025-07-29,0.372,0.68
2025-07-29,0.372,0.676
2025-07-29,0.372,0.672
2025-07-30,0.372,0.668
2025-07-30,0.368,0.668
2025-07-30,0.372,0.668
2025-07-30,0.376,0.668
2025-07-30,0.38,0.668
2025-07-31,0.384,0.668
2025-07-31,0.384,0.664
2025-07-31,0.388,0.664
2025-07-31,0.392,0.664
2025-07-31,0.396,0.664
2025-08-01,0.392,0.664
2025-08-01,0.396,0.664
2025-08-01,0.4,0.664
2025-08-01,0.404,0.664
2025-08-01,0.404,0.668
2025-08-04,0.404,0.664
2025-08-04,0.404,0.66
2025-08-04,0.408,0.66
2025-08-04,0.412,0.66
2025-08-04,0.416,0.66
2025-08-05,0.42,0.66
2025-08-05,0.424,0.66
2025-08-05,0.428,0.66
2025-08-05,0.432,0.66
2025-08-05,0.436,0.66
2025-08-06,0.44,0.66
2025-08-06,0.444,0.66
2025-08-06,0.448,0.66
2025-08-06,0.448,0.656
2025-08-06,0.452,0.656
2025-08-07,0.456,0.656
2025-08-07,0.456,0.652
2025-08-07,0.46,0.652
2025-08-07,0.464,0.652
2025-08-07,0.468,0.652
2025-08-08,0.472,0.652
2025-08-08,0.476,0.652
2025-08-08,0.48,0.652
2025-08-08,0.484,0.652
2025-08-08,0.484,0.648
2025-08-11,0.488,0.648
2025-08-11,0.492,0.648
2025-08-11,0.496,0.648
2025-08-11,0.5,0.648
2025-08-12,0.504,0.648
2025-08-12,0.508,0.648
2025-08-12,0.512,0.648
2025-08-12,0.516,0.648
2025-08-12,0.52,0.648
2025-08-13,0.524,0.648
2025-08-13,0.528,0.648
2025-08-13,0.532,0.648
2025-08-13,0.536,0.648
2025-08-13,0.54,0.648
2025-08-14,0.544,0.648
2025-08-14,0.548,0.648
2025-08-14,0.552,0.648
2025-08-14,0.556,0.648
2025-08-14,0.56,0.648
2025-08-15,0.564,0.648
2025-08-15,0.568,0.648
2025-08-15,0.572,0.648
2025-08-18,0.576,0.648
2025-08-18,0.58,0.648
2025-08-18,0.584,0.648
2025-08-18,0.588,0.648
2025-08-18,0.592,0.648
2025-08-19,0.596,0.648
2025-08-19,0.6,0.648
2025-08-19,0.604,0.648
2025-08-19,0.608,0.648
2025-08-19,0.612,0.648
2025-08-20,0.616,0.648
2025-08-20,0.62,0.648
2025-08-20,0.624,0.648
2025-08-20,0.628,0.648
2025-08-20,0.628,0.648
2025-08-21,0.628,0.648
2025-08-21,0.628,0.648
2025-08-21,0.628,0.648
2025-08-21,0.628,0.648
2025-08-21,0.628,0.648
2025-08-22,0.628,0.648
2025-08-22,0.632,0.648
2025-08-22,0.632,0.648
2025-08-22,0.632,0.648
2025-08-22,0.636,0.648
2025-08-25,0.636,0.648
2025-08-25,0.636,0.648
2025-08-25,0.636,0.648
2025-08-25,0.636,0.648
2025-08-25,0.64,0.648
2025-08-26,0.64,0.652
2025-08-26,0.64,0.652
2025-08-26,0.64,0.652
2025-08-26,0.64,0.652
2025-08-26,0.644,0.656
2025-08-27,0.648,0.656
2025-08-27,0.652,0.66
2025-08-27,0.652,0.66
2025-08-27,0.652,0.66
2025-08-27,0.656,0.66
2025-08-28,0.66,0.664
2025-08-28,0.664,0.668
2025-08-28,0.664,0.668
2025-08-28,0.668,0.672
2025-08-28,0.668,0.672
2025-08-29,0.672,0.676
2025-08-29,0.676,0.676
2025-08-29,0.676,0.676
2025-08-29,0.676,0.676
2025-08-29,0.676,0.676
2025-09-01,0.676,0.676
2025-09-01,0.68,0.68
2025-09-01,0.68,0.68
2025-09-02,0.68,0.68
2025-09-02,0.68,0.68
2025-09-02,0.684,0.684
2025-09-02,0.688,0.688
2025-09-02,0.692,0.692
2025-09-03,0.696,0.696
2025-09-03,0.696,0.696
2025-09-03,0.696,0.696
2025-09-03,0.7,0.7
2025-09-03,0.704,0.704
2025-09-04,0.708,0.708
2025-09-04,0.712,0.712
2025-09-04,0.712,0.712
2025-09-04,0.716,0.716
2025-09-04,0.716,0.716
2025-09-05,0.72,0.72
2025-09-05,0.724,0.724
2025-09-05,0.728,0.728
2025-09-05,0.732,0.732
2025-09-05,0.736,0.736
2025-09-08,0.74,0.74
2025-09-08,0.74,0.74
2025-09-08,0.744,0.744
2025-09-08,0.748,0.748
2025-09-08,0.752,0.752
2025-09-09,0.756,0.756
2025-09-09,0.756,0.756
2025-09-09,0.76,0.76
2025-09-09,0.764,0.764
2025-09-09,0.768,0.768
2025-09-10,0.772,0.772
2025-09-10,0.772,0.772
2025-09-10,0.776,0.776
2025-09-10,0.78,0.78
2025-09-10,0.78,0.78
2025-09-11,0.784,0.784
2025-09-11,0.784,0.784
2025-09-11,0.788,0.788
2025-09-11,0.788,0.788
2025-09-11,0.792,0.792
2025-09-12,0.796,0.796
2025-09-12,0.796,0.796
2025-09-12,0.8,0.8
2025-09-12,0.804,0.804
2025-09-12,0.808,0.808
2025-09-15,0.808,0.808
2025-09-15,0.812,0.812
2025-09-15,0.816,0.816
2025-09-15,0.82,0.82
2025-09-16,0.82,0.82
2025-09-16,0.824,0.824
2025-09-16,0.824,0.824
2025-09-16,0.828,0.828
2025-09-16,0.832,0.832
2025-09-17,0.836,0.836
2025-09-17,0.84,0.84
2025-09-17,0.844,0.844
2025-09-17,0.848,0.848
2025-09-17,0.852,0.852
2025-09-18,0.856,0.856
2025-09-18,0.856,0.856
2025-09-18,0.86,0.86
2025-09-18,0.864,0.864
2025-09-18,0.868,0.868
2025-09-19,0.868,0.868
2025-09-19,0.872,0.872
2025-09-19,0.876,0.876
2025-09-22,0.88,0.88
2025-09-22,0.88,0.88
2025-09-22,0.884,0.884
2025-09-22,0.888,0.888
2025-09-22,0.892,0.892
2025-09-23,0.892,0.892
2025-09-23,0.896,0.896
2025-09-23,0.896,0.896
2025-09-23,0.9,0.9
2025-09-24,0.9,0.9
2025-09-24,0.9,0.9
2025-09-24,0.904,0.904
2025-09-24,0.904,0.904
2025-09-24,0.904,0.904
2025-09-25,0.908,0.908
2025-09-25,0.908,0.908
2025-09-25,0.908,0.908
2025-09-25,0.908,0.908
2025-09-25,0.908,0.908
2025-09-26,0.908,0.908
2025-09-26,0.908,0.908
2025-09-26,0.908,0.908
2025-09-26,0.912,0.912
2025-09-26,0.912,0.912
2025-09-29,0.912,0.912
2025-09-29,0.912,0.912
2025-09-29,0.912,0.912
2025-09-29,0.912,0.912
2025-09-29,0.912,0.912
2025-09-30,0.912,0.912
2025-09-30,0.912,0.912
2025-09-30,0.912,0.912
2025-09-30,0.912,0.912
2025-09-30,0.912,0.912
2025-10-01,0.912,0.912
2025-10-01,0.912,0.912
2025-10-01,0.916,0.916
2025-10-01,0.916,0.916
2025-10-01,0.916,0.916
2025-10-02,0.92,0.92
2025-10-02,0.924,0.924
2025-10-02,0.924,0.924
2025-10-02,0.924,0.924
2025-10-02,0.924,0.924
2025-10-03,0.924,0.924
2025-10-03,0.924,0.924
2025-10-03,0.928,0.928
2025-10-06,0.932,0.932
2025-10-06,0.936,0.936
2025-10-06,0.936,0.936
2025-10-07,0.94,0.94
2025-10-07,0.94,0.94
2025-10-07,0.94,0.94
2025-10-08,0.944,0.944
2025-10-08,0.944,0.944
2025-10-08,0.944,0.944
2025-10-09,0.944,0.944
2025-10-09,0.948,0.948
2025-10-09,0.952,0.952
2025-10-10,0.952,0.952
2025-10-10,0.952,0.952
2025-10-10,0.952,0.952
2025-10-10,0.952,0.952
2025-10-10,0.952,0.952
2025-10-13,0.952,0.952
2025-10-13,0.956,0.956
2025-10-13,0.96,0.96
2025-10-13,0.964,0.964
2025-10-14,0.968,0.968
2025-10-14,0.972,0.972
2025-10-14,0.972,0.972
2025-10-14,0.972,0.972
2025-10-14,0.972,0.972
2025-10-15,0.972,0.972
2025-10-15,0.976,0.976
2025-10-15,0.976,0.976
2025-10-15,0.976,0.976
2025-10-15,0.976,0.976
2025-10-16,0.98,0.98
2025-10-16,0.98,0.98
2025-10-16,0.98,0.98
2025-10-16,0.98,0.98
2025-10-16,0.98,0.98
2025-10-17,0.984,0.984
2025-10-17,0.988,0.988
2025-10-17,0.984,0.984
2025-10-17,0.984,0.984
2025-10-17,0.984,0.984
2025-10-20,0.984,0.984
2025-10-20,0.984,0.984
2025-10-20,0.984,0.984
2025-10-20,0.984,0.984
2025-10-20,0.984,0.984
2025-10-21,0.984,0.984
2025-10-21,0.984,0.984
2025-10-21,0.984,0.984
2025-10-21,0.988,0.988
2025-10-21,0.988,0.988
2025-10-22,0.988,0.988
2025-10-22,0.992,0.992
2025-10-22,0.992,0.992
2025-10-22,0.988,0.988
2025-10-22,0.988,0.988
2025-10-23,0.988,0.988
2025-10-23,0.984,0.984
2025-10-23,0.984,0.984
2025-10-23,0.984,0.984
2025-10-23,0.988,0.988
2025-10-24,0.984,0.984
2025-10-24,0.98,0.98
2025-10-24,0.976,0.976
2025-10-24,0.976,0.976
2025-10-24,0.972,0.972
2025-10-27,0.972,0.972
2025-10-27,0.968,0.968
2025-10-27,0.968,0.968
2025-10-27,0.964,0.964
2025-10-27,0.96,0.96
2025-10-28,0.956,0.956
2025-10-28,0.956,0.956
2025-10-28,0.952,0.952
2025-10-28,0.948,0.948
2025-10-28,0.944,0.944
2025-10-29,0.944,0.944
2025-10-29,0.94,0.94
2025-10-29,0.94,0.94
2025-10-29,0.94,0.94
2025-10-29,0.936,0.936
2025-10-30,0.936,0.936
2025-10-30,0.936,0.936
2025-10-30,0.932,0.932
2025-10-30,0.928,0.928
2025-10-30,0.924,0.924
2025-10-31,0.92,0.92
2025-10-31,0.916,0.916
2025-10-31,0.912,0.912
2025-10-31,0.908,0.908
2025-10-31,0.908,0.908
2025-11-03,0.904,0.904
2025-11-03,0.904,0.904
2025-11-03,0.904,0.904
2025-11-03,0.9,0.9
2025-11-04,0.9,0.9
2025-11-04,0.896,0.896
2025-11-04,0.892,0.892
2025-11-04,0.888,0.888
2025-11-04,0.888,0.888
2025-11-05,0.884,0.884
2025-11-05,0.88,0.88
2025-11-05,0.88,0.88
2025-11-05,0.88,0.88
2025-11-05,0.876,0.876
2025-11-06,0.872,0.872
2025-11-06,0.868,0.868
2025-11-06,0.868,0.868
2025-11-06,0.868,0.868
2025-11-06,0.868,0.868
2025-11-07,0.868,0.868
2025-11-07,0.864,0.864
2025-11-07,0.86,0.86
2025-11-07,0.856,0.856
2025-11-07,0.852,0.852
2025-11-10,0.848,0.848
2025-11-10,0.844,0.844
2025-11-10,0.84,0.84
2025-11-10,0.84,0.84
2025-11-10,0.84,0.84
2025-11-11,0.84,0.84
2025-11-11,0.836,0.836
2025-11-11,0.832,0.832
2025-11-11,0.832,0.832
2025-11-11,0.828,0.828
2025-11-12,0.828,0.828
2025-11-12,0.824,0.824
2025-11-12,0.824,0.824
2025-11-12,0.82,0.82
2025-11-12,0.816,0.816
2025-11-13,0.816,0.816
2025-11-13,0.812,0.812
2025-11-13,0.808,0.808
2025-11-13,0.804,0.804
2025-11-13,0.804,0.804
2025-11-14,0.8,0.8
2025-11-14,0.796,0.796
2025-11-14,0.792,0.792
2025-11-14,0.788,0.788
2025-11-14,0.788,0.788
2025-11-17,0.784,0.784
2025-11-17,0.784,0.784
2025-11-17,0.78,0.78
2025-11-17,0.776,0.776
2025-11-17,0.772,0.772
2025-11-18,0.772,0.772
2025-11-18,0.768,0.768
2025-11-18,0.764,0.764
2025-11-18,0.76,0.76
2025-11-18,0.756,0.756
2025-11-19,0.752,0.752
2025-11-19,0.748,0.748
2025-11-19,0.748,0.748
2025-11-19,0.748,0.748
2025-11-19,0.744,0.744
2025-11-20,0.744,0.744
2025-11-20,0.744,0.744
2025-11-20,0.744,0.744
2025-11-20,0.74,0.74
2025-11-20,0.74,0.74
2025-11-21,0.74,0.74
2025-11-21,0.74,0.74
2025-11-21,0.74,0.74
2025-11-21,0.74,0.74
2025-11-21,0.736,0.736
2025-11-24,0.736,0.736
2025-11-24,0.736,0.736
2025-11-24,0.736,0.736
2025-11-24,0.736,0.736
2025-11-25,0.736,0.736
2025-11-25,0.736,0.736
2025-11-25,0.736,0.736
2025-11-25,0.736,0.736
2025-11-25,0.736,0.736
2025-11-26,0.736,0.736
2025-11-26,0.736,0.736
2025-11-26,0.736,0.736
2025-11-26,0.736,0.736
2025-11-26,0.736,0.736
2025-11-27,0.736,0.736
2025-11-27,0.736,0.736
2025-11-27,0.736,0.736
2025-11-28,0.736,0.736
2025-11-28,0.736,0.736
2025-11-28,0.736,0.736
2025-11-28,0.736,0.736
2025-11-28,0.736,0.736
2025-12-01,0.736,0.736
2025-12-01,0.736,0.736
2025-12-01,0.736,0.736
2025-12-01,0.736,0.736
2025-12-01,0.736,0.736
2025-12-02,0.736,0.736
2025-12-02,0.736,0.736
2025-12-02,0.736,0.736
2025-12-02,0.736,0.736
2025-12-02,0.736,0.736
2025-12-03,0.736,0.736
2025-12-03,0.736,0.736
2025-12-03,0.736,0.736
2025-12-03,0.736,0.736
2025-12-03,0.736,0.736
2025-12-04,0.736,0.736
2025-12-04,0.736,0.736
2025-12-04,0.736,0.736
2025-12-04,0.736,0.736
2025-12-04,0.736,0.736
2025-12-05,0.736,0.736
2025-12-05,0.736,0.736
2025-12-05,0.736,0.736
2025-12-05,0.736,0.736
2025-12-05,0.736,0.736
2025-12-08,0.736,0.736
2025-12-08,0.736,0.736
2025-12-08,0.736,0.736
2025-12-08,0.736,0.736
2025-12-08,0.736,0.736
2025-12-09,0.736,0.736
2025-12-09,0.736,0.736
2025-12-09,0.736,0.736
2025-12-09,0.736,0.736
2025-12-09,0.736,0.736
2025-12-10,0.736,0.736
2025-12-10,0.736,0.736
2025-12-10,0.736,0.736
2025-12-10,0.736,0.736
2025-12-10,0.736,0.736
2025-12-11,0.736,0.736
2025-12-11,0.736,0.736
2025-12-11,0.736,0.736
2025-12-11,0.736,0.736
2025-12-11,0.736,0.736
2025-12-12,0.736,0.736
2025-12-12,0.736,0.736
2025-12-12,0.736,0.736
2025-12-12,0.736,0.736
2025-12-12,0.736,0.736
2025-12-15,0.736,0.736
2025-12-15,0.736,0.736
2025-12-15,0.736,0.736
2025-12-15,0.736,0.736
2025-12-15,0.736,0.736
2025-12-16,0.736,0.736
2025-12-16,0.736,0.736
2025-12-16,0.736,0.736
2025-12-16,0.736,0.736
2025-12-16,0.736,0.736
2025-12-17,0.736,0.736
2025-12-17,0.736,0.736
2025-12-17,0.736,0.736
2025-12-17,0.736,0.736
2025-12-17,0.736,0.736
2025-12-18,0.736,0.736
2025-12-18,0.736,0.736
2025-12-18,0.736,0.736
2025-12-18,0.736,0.736
2025-12-18,0.736,0.736
2025-12-19,0.736,0.736
2025-12-19,0.736,0.736
2025-12-19,0.736,0.736
2025-12-19,0.736,0.736
2025-12-19,0.736,0.736
2025-12-22,0.736,0.736
2025-12-22,0.736,0.736
2025-12-22,0.736,0.736
2025-12-22,0.736,0.736
2025-12-22,0.736,0.736
2025-12-23,0.736,0.736
2025-12-23,0.736,0.736
2025-12-23,0.736,0.736
2025-12-23,0.736,0.736
2025-12-23,0.736,0.736
2025-12-24,0.736,0.736
2025-12-24,0.736,0.736
2025-12-24,0.736,0.736
2025-12-24,0.736,0.736
2025-12-24,0.736,0.736
2025-12-25,0.736,0.736
2025-12-26,0.736,0.736
2025-12-26,0.736,0.736
2025-12-26,0.736,0.736
2025-12-26,0.736,0.736
2025-12-26,0.736,0.736
2025-12-29,0.736,0.736
2025-12-29,0.736,0.736
2025-12-29,0.736,0.736
2025-12-29,0.736,0.736
2025-12-29,0.736,0.736
2025-12-30,0.74,0.74
2025-12-30,0.74,0.74
2025-12-30,0.74,0.74
2025-12-30,0.74,0.74
2025-12-30,0.74,0.74
2025-12-31,0.74,0.74
2025-12-31,0.74,0.74
2026-01-02,0.74,0.74
2026-01-02,0.74,0.74
2026-01-02,0.74,0.74
2026-01-02,0.74,0.74
2026-01-05,0.74,0.74
2026-01-05,0.74,0.74
2026-01-05,0.74,0.74
2026-01-05,0.74,0.74
2026-01-05,0.74,0.74
2026-01-06,0.744,0.744
2026-01-06,0.744,0.744
2026-01-06,0.744,0.744
2026-01-06,0.748,0.748
2026-01-06,0.748,0.748
2026-01-07,0.748,0.748
2026-01-07,0.748,0.748
2026-01-07,0.752,0.752
2026-01-07,0.756,0.756
2026-01-07,0.76,0.76
2026-01-08,0.76,0.76
2026-01-08,0.764,0.764
2026-01-08,0.764,0.764
2026-01-08,0.768,0.768
2026-01-08,0.768,0.768
2026-01-09,0.772,0.772
2026-01-09,0.776,0.776
2026-01-09,0.78,0.78
2026-01-09,0.78,0.78
2026-01-09,0.784,0.784
2026-01-12,0.788,0.788
2026-01-12,0.792,0.792
2026-01-12,0.792,0.792
2026-01-12,0.796,0.796
2026-01-13,0.796,0.796
2026-01-13,0.796,0.796
2026-01-13,0.8,0.8
2026-01-13,0.8,0.8
2026-01-13,0.8,0.8
2026-01-14,0.804,0.804
2026-01-14,0.808,0.808
2026-01-14,0.812,0.812
2026-01-14,0.816,0.816
2026-01-14,0.82,0.82
2026-01-15,0.824,0.824
2026-01-15,0.828,0.828
2026-01-15,0.828,0.828
2026-01-15,0.832,0.832
2026-01-15,0.832,0.832
2026-01-16,0.832,0.832
2026-01-16,0.836,0.836
2026-01-16,0.836,0.836
2026-01-16,0.84,0.84
2026-01-16,0.844,0.844
2026-01-19,0.848,0.848
2026-01-19,0.848,0.848
2026-01-19,0.852,0.852
2026-01-20,0.856,0.856
2026-01-20,0.856,0.856
2026-01-20,0.856,0.856
2026-01-20,0.86,0.86
2026-01-20,0.864,0.864
2026-01-21,0.868,0.868
2026-01-21,0.868,0.868
2026-01-21,0.868,0.868
2026-01-21,0.868,0.868
2026-01-21,0.868,0.868
2026-01-22,0.872,0.872
2026-01-22,0.876,0.876
2026-01-22,0.88,0.88
2026-01-22,0.884,0.884
2026-01-22,0.888,0.888
2026-01-23,0.892,0.892
2026-01-23,0.896,0.896
2026-01-23,0.896,0.896
2026-01-23,0.896,0.896
2026-01-23,0.896,0.896
2026-01-26,0.9,0.9
2026-01-26,0.904,0.904
2026-01-26,0.904,0.904
2026-01-26,0.908,0.908
2026-01-26,0.908,0.908
2026-01-27,0.912,0.912
2026-01-27,0.912,0.912
2026-01-27,0.916,0.916
2026-01-27,0.92,0.92
2026-01-27,0.92,0.92
2026-01-28,0.924,0.924
2026-01-28,0.928,0.928
2026-01-28,0.928,0.928
2026-01-28,0.928,0.928
2026-01-28,0.932,0.932
2026-01-29,0.936,0.936
2026-01-29,0.94,0.94
2026-01-29,0.94,0.94
2026-01-29,0.936,0.936
2026-01-29,0.936,0.936
2026-01-30,0.936,0.936
2026-01-30,0.94,0.94
2026-01-30,0.944,0.944
2026-01-30,0.948,0.948
2026-01-30,0.948,0.948
2026-02-02,0.948,0.948
2026-02-02,0.948,0.948
2026-02-02,0.952,0.952
2026-02-02,0.952,0.952
2026-02-02,0.956,0.956
2026-02-03,0.96,0.96
2026-02-03,0.956,0.956
2026-02-03,0.952,0.952
2026-02-03,0.952,0.952
2026-02-03,0.948,0.948
2026-02-04,0.948,0.948
2026-02-04,0.948,0.948
2026-02-04,0.952,0.952
2026-02-04,0.952,0.952
2026-02-04,0.952,0.952
2026-02-05,0.948,0.948
2026-02-05,0.948,0.948
2026-02-05,0.944,0.944
2026-02-05,0.948,0.948
2026-02-05,0.944,0.944
2026-02-06,0.94,0.94
2026-02-06,0.936,0.936
2026-02-06,0.936,0.936
2026-02-06,0.936,0.936
2026-02-06,0.936,0.936
2026-02-09,0.936,0.936
2026-02-09,0.936,0.936
2026-02-09,0.936,0.936
2026-02-09,0.936,0.936
2026-02-09,0.936,0.936
2026-02-10,0.936,0.936
2026-02-10,0.936,0.936
2026-02-10,0.936,0.936
2026-02-10,0.936,0.936
2026-02-10,0.936,0.936
2026-02-11,0.932,0.932
2026-02-11,0.932,0.932
2026-02-11,0.932,0.932
2026-02-11,0.928,0.928
2026-02-12,0.924,0.924
2026-02-12,0.924,0.924
2026-02-12,0.924,0.924
2026-02-12,0.924,0.924
2026-02-12,0.924,0.924
2026-02-13,0.924,0.924
2026-02-13,0.92,0.92
2026-02-13,0.92,0.92
2026-02-13,0.92,0.92
2026-02-13,0.92,0.92
2026-02-16,0.916,0.916
2026-02-17,0.916,0.916
2026-02-17,0.916,0.916
2026-02-17,0.916,0.916
2026-02-18,0.916,0.916
2026-02-18,0.916,0.916
2026-02-18,0.916,0.916
2026-02-19,0.916,0.916
2026-02-19,0.916,0.916
2026-02-19,0.916,0.916
2026-02-19,0.916,0.916
2026-02-19,0.916,0.916
2026-02-20,0.916,0.916
2026-02-20,0.912,0.912
2026-02-20,0.912,0.912
2026-02-20,0.908,0.908
2026-02-20,0.904,0.904
2026-02-23,0.904,0.904
2026-02-23,0.9,0.9
2026-02-23,0.896,0.896
2026-02-23,0.896,0.896
2026-02-24,0.896,0.896
2026-02-24,0.896,0.896
2026-02-24,0.892,0.892
2026-02-24,0.888,0.888
2026-02-24,0.884,0.884
2026-02-25,0.884,0.884
2026-02-25,0.88,0.88
2026-02-25,0.876,0.876
2026-02-25,0.872,0.872
2026-02-25,0.868,0.868
2026-02-26,0.864,0.864
2026-02-26,0.86,0.86
2026-02-26,0.856,0.856
2026-02-26,0.852,0.852
2026-02-26,0.848,0.848
2026-02-27,0.844,0.844
2026-02-27,0.84,0.84
2026-02-27,0.836,0.836
2026-02-27,0.832,0.832
2026-02-27,0.828,0.828
2026-03-02,0.824,0.824
2026-03-02,0.82,0.82
2026-03-02,0.816,0.816
2026-03-03,0.816,0.816
2026-03-03,0.812,0.812
2026-03-03,0.808,0.808
2026-03-03,0.804,0.804
2026-03-03,0.804,0.804
2026-03-04,0.804,0.804
2026-03-04,0.8,0.8
2026-03-04,0.796,0.796
2026-03-04,0.796,0.796
2026-03-04,0.792,0.792
2026-03-05,0.788,0.788
2026-03-05,0.788,0.788
2026-03-05,0.784,0.784
2026-03-05,0.784,0.784
2026-03-05,0.78,0.78
2026-03-06,0.78,0.78
2026-03-06,0.78,0.78
2026-03-06,0.78,0.78
2026-03-06,0.78,0.78
2026-03-06,0.78,0.78
2026-03-09,0.776,0.776
2026-03-09,0.772,0.772
2026-03-09,0.772,0.772
2026-03-09,0.772,0.772
2026-03-09,0.772,0.772
2026-03-10,0.772,0.772
2026-03-10,0.768,0.768
2026-03-10,0.768,0.768
2026-03-10,0.764,0.764
2026-03-10,0.764,0.764
2026-03-11,0.764,0.764
2026-03-11,0.764,0.764
2026-03-11,0.764,0.764
2026-03-11,0.764,0.764
2026-03-11,0.764,0.764
2026-03-12,0.764,0.764
2026-03-12,0.764,0.764
2026-03-12,0.764,0.764
2026-03-12,0.764,0.764
2026-03-12,0.764,0.764
2026-03-13,0.76,0.76
2026-03-13,0.76,0.76
2026-03-13,0.76,0.76
2026-03-13,0.76,0.76
2026-03-13,0.76,0.76
2026-03-16,0.76,0.76
2026-03-16,0.76,0.76
2026-03-16,0.76,0.76
2026-03-16,0.76,0.76
2026-03-16,0.76,0.76
2026-03-17,0.76,0.76
2026-03-17,0.76,0.76
2026-03-17,0.756,0.756
2026-03-17,0.756,0.756
2026-03-17,0.756,0.756
2026-03-18,0.756,0.756
2026-03-18,0.756,0.756
2026-03-18,0.756,0.756
2026-03-18,0.756,0.756
2026-03-18,0.756,0.756
2026-03-19,0.756,0.756
2026-03-19,0.756,0.756
2026-03-19,0.756,0.756
2026-03-19,0.756,0.756
2026-03-19,0.756,0.756
2026-03-20,0.756,0.756
2026-03-20,0.756,0.756
2026-03-20,0.756,0.756
2026-03-20,0.756,0.756
2026-03-23,0.756,0.756
2026-03-23,0.756,0.756
2026-03-23,0.756,0.756
2026-03-23,0.756,0.756
2026-03-23,0.756,0.756
2026-03-24,0.756,0.756
2026-03-24,0.756,0.756
2026-03-24,0.756,0.756
2026-03-24,0.756,0.756
2026-03-24,0.756,0.756
2026-03-25,0.756,0.756
2026-03-25,0.756,0.756
2026-03-25,0.756,0.756
2026-03-25,0.756,0.756
2026-03-25,0.756,0.756
2026-03-26,0.756,0.756
2026-03-26,0.756,0.756
2026-03-26,0.756,0.756
2026-03-26,0.756,0.756
2026-03-26,0.756,0.756
2026-03-27,0.756,0.756
2026-03-27,0.756,0.756
2026-03-27,0.756,0.756
2026-03-27,0.756,0.756
2026-03-27,0.756,0.756
2026-03-30,0.756,0.756
2026-03-30,0.756,0.756
2026-03-30,0.756,0.756
2026-03-30,0.756,0.756
2026-03-30,0.756,0.756
2026-03-31,0.756,0.756
2026-03-31,0.756,0.756
2026-03-31,0.756,0.756
2026-03-31,0.756,0.756
2026-03-31,0.756,0.756
2026-04-01,0.756,0.756
2026-04-01,0.756,0.756
2026-04-01,0.756,0.756
2026-04-01,0.756,0.756
2026-04-01,0.756,0.756
2026-04-02,0.756,0.756
2026-04-02,0.756,0.756
2026-04-02,0.756,0.756
2026-04-02,0.756,0.756
2026-04-02,0.756,0.756
2026-04-03,0.756,0.756
2026-04-03,0.756,0.756
2026-04-03,0.756,0.756
2026-04-06,0.756,0.756
2026-04-06,0.756,0.756
2026-04-06,0.756,0.756
2026-04-06,0.756,0.756
2026-04-06,0.756,0.756
2026-04-07,0.756,0.756
2026-04-07,0.756,0.756
2026-04-07,0.756,0.756
2026-04-07,0.756,0.756
2026-04-07,0.756,0.756
2026-04-08,0.756,0.756
2026-04-08,0.756,0.756
2026-04-08,0.756,0.756
2026-04-08,0.756,0.756
2026-04-08,0.756,0.756
2026-04-09,0.756,0.756
2026-04-09,0.756,0.756
2026-04-09,0.756,0.756
2026-04-09,0.756,0.756
2026-04-09,0.756,0.756
2026-04-10,0.756,0.756
2026-04-10,0.756,0.756
2026-04-10,0.756,0.756
2026-04-10,0.756,0.756
2026-04-10,0.756,0.756
2026-04-13,0.756,0.756
2026-04-13,0.756,0.756
2026-04-13,0.76,0.76
2026-04-13,0.76,0.76
2026-04-13,0.76,0.76
2026-04-14,0.76,0.76
2026-04-14,0.76,0.76
2026-04-14,0.764,0.764
2026-04-14,0.768,0.768
2026-04-14,0.772,0.772
2026-04-15,0.772,0.772
2026-04-15,0.772,0.772
2026-04-15,0.772,0.772
2026-04-15,0.772,0.772
2026-04-15,0.772,0.772
2026-04-16,0.776,0.776
2026-04-16,0.78,0.78
2026-04-16,0.78,0.78
2026-04-16,0.784,0.784
2026-04-16,0.784,0.784
2026-04-17,0.784,0.784
2026-04-17,0.788,0.788
2026-04-17,0.792,0.792
2026-04-17,0.796,0.796
2026-04-17,0.8,0.8
2026-04-20,0.8,0.8
2026-04-20,0.8,0.8
2026-04-20,0.8,0.8
2026-04-20,0.8,0.8
2026-04-20,0.8,0.8
2026-04-21,0.804,0.804
2026-04-21,0.804,0.804
2026-04-21,0.808,0.808
2026-04-21,0.808,0.808
2026-04-21,0.812,0.812
2026-04-22,0.816,0.816
2026-04-22,0.82,0.82
2026-04-22,0.82,0.82
2026-04-22,0.82,0.82
2026-04-22,0.82,0.82
2026-04-23,0.82,0.82
2026-04-23,0.82,0.82
2026-04-23,0.82,0.82
2026-04-23,0.82,0.82
2026-04-23,0.82,0.82
2026-04-24,0.82,0.82
2026-04-24,0.82,0.82
2026-04-24,0.82,0.82
2026-04-24,0.82,0.82
2026-04-24,0.82,0.82
2026-04-27,0.824,0.824
2026-04-27,0.824,0.824
2026-04-27,0.824,0.824
2026-04-27,0.828,0.828
2026-04-27,0.832,0.832
2026-04-28,0.832,0.832
2026-04-28,0.832,0.832
2026-04-28,0.832,0.832
2026-04-28,0.832,0.832
2026-04-28,0.832,0.832
2026-04-29,0.836,0.836
2026-04-29,0.836,0.836
2026-04-29,0.836,0.836
2026-04-29,0.836,0.836
2026-04-30,0.84,0.84
2026-04-30,0.84,0.84
2026-04-30,0.84,0.84
2026-04-30,0.84,0.84
2026-04-30,0.84,0.84
2026-05-01,0.84,0.84
2026-05-01,0.84,0.84
2026-05-01,0.84,0.84
2026-05-04,0.84,0.84
2026-05-04,0.84,0.84
2026-05-04,0.84,0.84
2026-05-04,0.84,0.84
2026-05-05,0.84,0.84
2026-05-05,0.844,0.844
2026-05-06,0.844,0.844
2026-05-06,0.848,0.848
2026-05-06,0.852,0.852
2026-05-06,0.852,0.852
2026-05-07,0.856,0.856
2026-05-07,0.86,0.86
2026-05-07,0.86,0.86
2026-05-07,0.86,0.86
2026-05-07,0.86,0.86
2026-05-08,0.864,0.864
2026-05-08,0.868,0.868
2026-05-08,0.872,0.872
2026-05-08,0.872,0.872
2026-05-08,0.876,0.876
2026-05-11,0.88,0.88
2026-05-11,0.884,0.884
2026-05-11,0.888,0.888
2026-05-11,0.892,0.892
2026-05-11,0.896,0.896
2026-05-12,0.9,0.9
2026-05-12,0.904,0.904
2026-05-12,0.908,0.908
2026-05-12,0.912,0.912
2026-05-12,0.916,0.916
2026-05-13,0.92,0.92
2026-05-13,0.924,0.924
2026-05-13,0.928,0.928
2026-05-13,0.932,0.932
2026-05-13,0.936,0.936
2026-05-14,0.94,0.94
2026-05-14,0.94,0.94
2026-05-14,0.944,0.944
2026-05-14,0.948,0.948
2026-05-14,0.952,0.952
2026-05-15,0.952,0.952
2026-05-15,0.952,0.952
2026-05-15,0.956,0.956
2026-05-15,0.96,0.96
2026-05-15,0.96,0.96
2026-05-18,0.964,0.964
2026-05-18,0.968,0.968
2026-05-18,0.968,0.968
2026-05-18,0.972,0.972
2026-05-18,0.972,0.972
2026-05-19,0.976,0.976
2026-05-19,0.976,0.976
2026-05-19,0.976,0.976
2026-05-19,0.976,0.976
2026-05-19,0.976,0.976
2026-05-20,0.976,0.976
2026-05-20,0.98,0.98
2026-05-20,0.984,0.984
2026-05-20,0.984,0.984
2026-05-20,0.984,0.984
2026-05-21,0.984,0.984
2026-05-21,0.984,0.984
2026-05-21,0.988,0.988
2026-05-21,0.988,0.988
2026-05-21,0.992,0.992
2026-05-22,0.992,0.992
2026-05-22,0.992,0.992
2026-05-22,0.992,0.992
2026-05-22,0.992,0.992
2026-05-22,0.992,0.992
2026-05-25,0.992,0.992
2026-05-26,0.992,0.992
2026-05-26,0.992,0.992
2026-05-26,0.992,0.992
2026-05-26,0.992,0.992
2026-05-26,0.992,0.992
2026-05-27,0.996,0.996
2026-05-27,0.996,0.996
2026-05-27,0.996,0.996
2026-05-27,0.996,0.996
2026-05-27,0.996,0.996
2026-05-28,0.996,0.996
2026-05-28,0.996,0.996
2026-05-28,0.996,0.996
2026-05-28,0.996,0.996
2026-05-28,0.996,0.996
2026-05-29,0.996,0.996
2026-05-29,0.996,0.996
2026-05-29,1.0,1.0
2026-05-29,1.0,1.0
2026-05-29,1.0,1.0
2026-06-01,0.996,0.996
2026-06-01,0.996,0.996
2026-06-01,0.996,0.996
2026-06-01,0.996,0.996
2026-06-01,0.996,0.996
2026-06-02,0.996,0.996
2026-06-02,0.992,0.992
2026-06-02,0.992,0.992
2026-06-02,0.992,0.992
2026-06-02,0.988,0.988
2026-06-03,0.988,0.988
2026-06-03,0.984,0.984
2026-06-03,0.984,0.984
2026-06-04,0.98,0.98
2026-06-04,0.98,0.98
2026-06-04,0.98,0.98
2026-06-04,0.98,0.98
2026-06-04,0.98,0.98
2026-06-05,0.98,0.98
2026-06-05,0.98,0.98
2026-06-05,0.98,0.98
2026-06-05,0.976,0.976
2026-06-05,0.976,0.976
2026-06-08,0.972,0.972
2026-06-08,0.972,0.972
2026-06-08,0.972,0.972
2026-06-08,0.972,0.972
2026-06-08,0.972,0.972
2026-06-09,0.968,0.968
2026-06-09,0.968,0.968
2026-06-09,0.968,0.968
2026-06-09,0.964,0.964
2026-06-09,0.964,0.964
2026-06-10,0.96,0.96
2026-06-10,0.96,0.96
2026-06-10,0.96,0.96
2026-06-10,0.96,0.96
2026-06-10,0.96,0.96
2026-06-11,0.956,0.956
2026-06-11,0.952,0.952
2026-06-11,0.948,0.948
2026-06-11,0.944,0.944
2026-06-11,0.94,0.94
2026-06-12,0.936,0.936
2026-06-12,0.932,0.932
2026-06-12,0.928,0.928
2026-06-12,0.924,0.924
2026-06-12,0.92,0.92
2026-06-15,0.916,0.916
2026-06-15,0.912,0.912
2026-06-15,0.908,0.908
2026-06-15,0.904,0.904
2026-06-15,0.9,0.9
2026-06-16,0.896,0.896
2026-06-16,0.892,0.892
2026-06-16,0.888,0.888
2026-06-16,0.884,0.884
2026-06-16,0.88,0.88
2026-06-17,0.876,0.876
2026-06-17,0.872,0.872
2026-06-17,0.868,0.868
2026-06-17,0.864,0.864
2026-06-17,0.86,0.86
2026-06-18,0.856,0.856
2026-06-18,0.852,0.852
2026-06-18,0.848,0.848
2026-06-18,0.844,0.844
2026-06-18,0.84,0.84
2026-06-19,0.836,0.836
2026-06-19,0.832,0.832
2026-06-19,0.828,0.828
2026-06-22,0.824,0.824
2026-06-22,0.82,0.82
2026-06-22,0.816,0.816
2026-06-22,0.812,0.812
2026-06-22,0.808,0.808
2026-06-23,0.804,0.804
2026-06-23,0.8,0.8
2026-06-23,0.796,0.796
2026-06-23,0.792,0.792
2026-06-23,0.788,0.788
2026-06-24,0.784,0.784
2026-06-24,0.78,0.78
2026-06-24,0.776,0.776
2026-06-24,0.772,0.772
2026-06-24,0.768,0.768
2026-06-25,0.764,0.764
2026-06-25,0.76,0.76
2026-06-25,0.756,0.756
2026-06-25,0.752,0.752
2026-06-25,0.748,0.748
2026-06-26,0.744,0.744
2026-06-26,0.74,0.74
2026-06-26,0.736,0.736
2026-06-26,0.732,0.732
2026-06-26,0.728,0.728
2026-06-29,0.724,0.724
2026-06-29,0.72,0.72
2026-06-29,0.716,0.716
2026-06-29,0.712,0.712
2026-06-29,0.708,0.708
2026-06-30,0.704,0.704
2026-06-30,0.7,0.7
2026-06-30,0.696,0.696
2026-06-30,0.692,0.692
2026-06-30,0.688,0.688
2026-07-01,0.684,0.684
2026-07-01,0.68,0.68
2026-07-01,0.676,0.676
2026-07-01,0.672,0.672
2026-07-01,0.668,0.668
2026-07-02,0.664,0.664
2026-07-02,0.66,0.66
2026-07-02,0.656,0.656
2026-07-02,0.652,0.652
2026-07-02,0.648,0.648
2026-07-03,0.644,0.644
2026-07-03,0.64,0.64
2026-07-03,0.636,0.636
2026-07-06,0.632,0.632
2026-07-06,0.628,0.628
2026-07-06,0.624,0.624
2026-07-06,0.62,0.62
2026-07-06,0.616,0.616
2026-07-07,0.612,0.612
2026-07-07,0.608,0.608
2026-07-07,0.604,0.604
2026-07-07,0.6,0.6
2026-07-07,0.596,0.596
2026-07-08,0.592,0.592
2026-07-08,0.588,0.588
2026-07-08,0.584,0.584
2026-07-08,0.58,0.58
2026-07-08,0.576,0.576
2026-07-09,0.572,0.572
2026-07-09,0.568,0.568
2026-07-09,0.564,0.564
2026-07-09,0.56,0.56
2026-07-09,0.556,0.556
2026-07-10,0.552,0.552
2026-07-10,0.548,0.548
2026-07-10,0.544,0.544
2026-07-10,0.54,0.54
2026-07-10,0.536,0.536
2026-07-13,0.532,0.532
2026-07-13,0.528,0.528
2026-07-13,0.524,0.524
2026-07-13,0.52,0.52
2026-07-13,0.516,0.516
2026-07-14,0.512,0.512
2026-07-14,0.508,0.508
2026-07-14,0.504,0.504
2026-07-14,0.5,0.5
2026-07-14,0.496,0.496
2026-07-15,0.492,0.492
2026-07-15,0.492,0.492
2026-07-15,0.492,0.492
2026-07-15,0.488,0.488
2026-07-15,0.484,0.484
2026-07-16,0.484,0.484
2026-07-16,0.484,0.484
2026-07-16,0.484,0.484
2026-07-16,0.484,0.484
2026-07-16,0.48,0.48
2026-07-17,0.48,0.48
2026-07-17,0.48,0.48
2026-07-20,0.48,0.48
2026-07-20,0.48,0.48
